,id,m_id,auto_brand_en,auto_brand_id,auto_gas_size,auto_make_date,auto_mileage_num,auto_price,auto_price_tag,auto_price_type,auto_title_all,item_post_date,item_renew_date,is_new,item_show_num,photo,photoList,rank,score,new_item_show_num,item_kind_name,item_kind_name_en,item_model_name_en,photoNum,is_check,is_vip,is_red,is_realPrice,is_seven,extra_tag,survey_report,organi,top_dealer_item,is_mobile,auto_address,auto_tab_name,auto_year_type,is_audi,is_auction,video_url,org_icon,is_original,adPromotion,ad_featured_pc,sort.mIsTop,sort.isVip,sort.isShow,sort.autoPriceType,sort.priceOrder,sort.checkCarStatus,car_color,car_driveMode,car_fuel,car_door,car_seat,car_license,verified,dealer_name,seller_role,dealer_address,胎壓偵測,動態穩定系統,防盜系統,keyless免鑰系統,循跡系統,中控鎖,剎車輔助系統,兒童安全椅固定裝置,ABS防鎖死,安全氣囊,定速系統,LED頭燈,倒車顯影系統,衛星導航,多功能方向盤,倒車雷達,恆溫空調,自動停車系統,電動天窗,真皮/皮革座椅
0,2785702,145166,BMW,6,3.0L,<b>2016</b>年,<b>6.0</b>萬km,0.0,<b>電洽</b>,3,柏美車庫-A.T.D  稀有黑色 M4 左3右5 卡夢頂,2021-06-09 17:48:41,<font>6分鐘內更新</font>,,547,https://p2.8891.com.tw/2021/06/09/1623237090015812_220_165.jpg,https://p2.8891.com.tw/2021/06/09/1623237090015812_300_225.jpg,1,,547.0,M4,M4,Coupe,17.0,0.0,1.0,0.0,1.0,0.0,0.0,0.0,0.0,0.0,0.0,桃園市,手自排,2017,False,False,,[],0.0,[],0.0,0.0,1.0,1.0,3.0,0.0,0.0,黑色,2WD,汽油,2門,4座,未領牌,0,柏美車庫-A.T.D,柏美車庫-A.T.D,桃園市八德區建新街485之5號,1,1,1,1,1,1,1,1,1,1,1,1,1,1,1,1,1,0,1,1
1,2803332,159782,Mercedes-Benz,27,2.0L,<b>2017</b>年,<b>9.3</b>萬km,109.0,<b>109</b>萬,3,BENZ METRIS 安卓機 八人座 17年 弘達國際#92314,2021-06-28 10:17:04,<font>6分鐘內更新</font>,1.0,522,https://p2.8891.com.tw/2020/06/23/1592892770792578_220_165.jpg,https://p2.8891.com.tw/2020/06/23/1592892770792578_300_225.jpg,2,,522.0,Metris,Metris,Vans,17.0,0.0,1.0,0.0,1.0,1.0,0.0,0.0,0.0,0.0,0.0,新北市,手自排,2017,False,False,,[],0.0,[],0.0,0.0,1.0,1.0,3.0,0.0,0.0,黑色,2WD,汽油,5門,8座,未領牌,0,弘達國際汽車,弘達國際汽車,新北市泰山區,1,1,1,0,1,1,1,1,1,1,1,0,0,1,0,0,1,0,0,1
2,2786818,702837,Mercedes-Benz,27,2.0L,<b>2017</b>年,<b>5.3</b>萬km,0.0,<b>電洽</b>,3,Sam國際車庫 AMG 23P 自動停車 前後雷達 全景 盲點 摸門 免鑰,2021-06-10 17:51:13,<font>6分鐘內更新</font>,,684,https://p1.8891.com.tw/2021/06/10/1623318024168485_220_165.jpg,https://p1.8891.com.tw/2021/06/10/1623318024168485_300_225.jpg,3,,684.0,C-Class Sedan,C-Class Sedan,AMG C300,20.0,1.0,1.0,0.0,1.0,0.0,0.0,0.0,0.0,0.0,0.0,新竹縣,手自排,2017,False,False,,[],0.0,[],0.0,0.0,1.0,1.0,3.0,0.0,0.0,黑色,4WD,汽油,4門,5座,未領牌,0,尤先生,車商賣家,新竹縣竹北市,1,1,1,1,1,1,1,1,1,1,1,1,1,0,1,1,1,1,1,1
3,2808069,710622,BMW,6,3.0L,<b>2010</b>年,<b>21.3</b>萬km,55.0,<b>55</b>萬,3,忍痛割愛 自售2010年 BMW 330i Performance極限運動,2021-07-02 14:41:10,<font>7分鐘內更新</font>,1.0,101,https://p1.8891.com.tw/2021/07/02/1625207401231319_220_165.jpg,https://p1.8891.com.tw/2021/07/02/1625207401231319_300_225.jpg,4,,101.0,3-Series Convertible,3-Series Convertible,330i,10.0,0.0,1.0,0.0,1.0,1.0,0.0,0.0,0.0,0.0,0.0,台北市,手自排,2010,False,False,,[],0.0,[],0.0,0.0,1.0,1.0,3.0,0.0,0.0,灰色,2WD,汽油,4門,5座,2010年12月領牌,0,王先生,個人賣家,台北市中正區,1,1,1,1,1,1,1,1,1,1,1,1,1,1,1,1,1,1,1,1
4,2785088,183590,Nissan,32,1.6L,<b>2016</b>年,<b>8.0</b>萬km,42.0,<b>42</b>萬,3,全車系全額貸款貸款利率優惠中/月付超低/信用小白/瑕疵強力過件,2021-06-09 11:42:14,<font>8分鐘內更新</font>,,706,https://p2.8891.com.tw/2021/06/07/1623047173635860_220_165.jpg,https://p2.8891.com.tw/2021/06/07/1623047173635860_300_225.jpg,5,,706.0,Juke,Juke,,12.0,0.0,1.0,0.0,1.0,0.0,0.0,0.0,0.0,0.0,1.0,桃園市,自排,2016,False,False,,[],0.0,[],0.0,0.0,1.0,1.0,3.0,0.0,0.0,藍色,4WD,汽油,5門,5座,2017年02月領牌,0,阿書強打桃園中古車,阿書強打桃園中古車,桃園市中壢區新中北路819-8號,1,1,1,1,1,1,1,1,1,1,1,1,1,1,1,1,1,0,1,1
5,2803293,159782,Mercedes-Benz,27,2.0L,<b>2019</b>年,<b>3.3</b>萬km,149.0,<b>149</b>萬,3,BENZ A220 魚眼 全景天窗 記憶椅 19年 弘達國際#22534,2021-06-28 09:54:59,<font>12分鐘內更新</font>,1.0,330,https://p2.8891.com.tw/2021/01/25/1611554642811096_220_165.jpg,https://p2.8891.com.tw/2021/01/25/1611554642811096_300_225.jpg,6,,330.0,A-Class,A-Class,A220,16.0,0.0,1.0,0.0,1.0,1.0,0.0,0.0,0.0,0.0,0.0,新北市,手自排,2019,False,False,,[],0.0,[],0.0,0.0,1.0,1.0,3.0,0.0,0.0,黑色,2WD,汽油,4門,5座,未領牌,0,弘達國際汽車,弘達國際汽車,新北市泰山區,1,1,1,0,1,1,1,1,1,1,1,1,1,0,1,0,1,0,1,1
6,2787784,175472,Suzuki,44,1.1L以下,<b>2019</b>年,<b>1.0</b>萬km,38.8,<b>38.8</b>萬,3,【主打全額貸】 0元把車帶回家 ＦＢ搜尋 宇安嚴選中古車,2021-06-11 16:01:08,<font>15分鐘內更新</font>,,"<span class=""Red"">4316</span>",https://p1.8891.com.tw/2019/09/21/2/1569047829190067_220_165.jpg,https://p1.8891.com.tw/2019/09/21/2/1569047829190067_300_225.jpg,7,,4316.0,Swift,Swift,,20.0,0.0,1.0,0.0,1.0,0.0,0.0,0.0,0.0,0.0,0.0,新竹縣,手自排,2019,False,False,,[],0.0,[],0.0,0.0,1.0,1.0,3.0,0.0,0.0,白色,2WD,汽油,5門,5座,2019年06月領牌,0,智宇 中古車買賣,智宇 中古車買賣,新竹縣湖口鄉,1,1,1,1,1,1,1,1,1,1,1,1,1,1,1,1,1,0,0,1
7,2808406,159782,BMW,6,3.0L,<b>2019</b>年,<b>1.0</b>萬km,268.0,<b>268</b>萬,3,BMW X4 M40i 紅內裝 液晶儀表 抬顯 19年 弘達國際#33161,2021-07-02 17:51:37,<font>16分鐘內更新</font>,1.0,165,https://p1.8891.com.tw/2021/06/02/1622613625011427_220_165.jpg,https://p1.8891.com.tw/2021/06/02/1622613625011427_300_225.jpg,8,,165.0,X4,X4,M40i,20.0,0.0,1.0,0.0,1.0,1.0,0.0,0.0,0.0,0.0,0.0,新北市,手自排,2019,False,False,,[],0.0,[],0.0,0.0,1.0,1.0,3.0,0.0,0.0,黑色,4WD,汽油,5門,5座,未領牌,0,弘達國際汽車,弘達國際汽車,新北市泰山區,1,1,1,1,1,1,1,1,1,1,1,1,1,1,1,1,1,0,1,1
8,2715411,283974,Suzuki,44,1.5L,<b>2009</b>年,<b>6.0</b>萬km,10.0,<b>10</b>萬,3,FB搜尋:【金美麗汽車廣場】『免頭款、全額貸』 我的用心 讓你放心,2021-03-31 16:07:17,<font>19分鐘內更新</font>,,"<span class=""Red"">11167</span>",https://p2.8891.com.tw/2021/03/31/1617157535970842_220_165.jpg,https://p2.8891.com.tw/2021/03/31/1617157535970842_300_225.jpg,9,,11167.0,Swift,Swift,,9.0,0.0,1.0,0.0,1.0,0.0,0.0,0.0,0.0,0.0,0.0,桃園市,自排,2009,False,False,,[],0.0,[],0.0,0.0,1.0,1.0,3.0,0.0,0.0,白色,2WD,汽油,5門,5座,未領牌,0,金美麗汽車廣場,金美麗汽車廣場,桃園市桃園區文中路308號,1,1,1,1,1,1,1,1,1,1,1,1,1,1,1,1,1,0,0,1
9,2789465,374794,Mercedes-Benz,27,2.0L,<b>2016</b>年,<b>8.2</b>萬km,143.0,<b>143</b>萬,3,Benz C300 AMG 23P 360環 自動停車 柏林知音 #5389,2021-06-13 15:47:30,<font>22分鐘內更新</font>,,471,https://p2.8891.com.tw/2021/04/08/1617873972172006_220_165.jpg,https://p2.8891.com.tw/2021/04/08/1617873972172006_300_225.jpg,10,,471.0,C-Class Sedan,C-Class Sedan,C300,15.0,0.0,1.0,1.0,1.0,0.0,1.0,0.0,0.0,0.0,0.0,桃園市,手自排,2017,False,False,,[],0.0,[],0.0,0.0,1.0,1.0,3.0,0.0,0.0,白色,4WD,汽油,4門,5座,未領牌,0,弘達國際桃園店,弘達國際桃園店,桃園市桃園區文中路491號,1,1,1,1,1,1,1,1,1,1,1,1,1,0,1,1,1,1,1,1
10,2800406,374794,Mercedes-Benz,27,2.0L,<b>2020</b>年,<b>1.2</b>萬km,198.0,<b>198</b>萬,3,Benz 最新款 CLA250 AMG 夜色套件 市場僅有 全景天窗,2021-06-24 16:47:21,<font>22分鐘內更新</font>,,562,https://p1.8891.com.tw/2021/06/24/1624524404332651_220_165.jpg,https://p1.8891.com.tw/2021/06/24/1624524404332651_300_225.jpg,11,,562.0,CLA,CLA,CLA250,15.0,0.0,1.0,1.0,1.0,0.0,0.0,0.0,0.0,0.0,0.0,桃園市,手自排,2020,False,False,,[],0.0,[],0.0,0.0,1.0,1.0,3.0,0.0,0.0,黑色,2WD,汽油,4門,5座,未領牌,0,弘達國際桃園店,弘達國際桃園店,桃園市桃園區文中路491號,1,1,1,0,1,1,1,1,1,1,1,1,1,0,1,0,1,0,1,1
11,2772324,374794,Mercedes-Benz,27,2.0L,<b>2019</b>年,<b>3.7</b>萬km,188.0,<b>188</b>萬,3,Benz CLA250 AMG 夜色套件 全景天窗 真皮座椅  弘達桃園,2021-05-26 17:22:44,<font>22分鐘內更新</font>,,"<span class=""Red"">3138</span>",https://p1.8891.com.tw/2021/06/17/1623911276225725_220_165.jpg,https://p1.8891.com.tw/2021/06/17/1623911276225725_300_225.jpg,12,,3138.0,CLA,CLA,CLA250,16.0,0.0,1.0,1.0,1.0,0.0,0.0,0.0,0.0,0.0,0.0,桃園市,手自排,2020,False,False,,[],0.0,[],0.0,0.0,1.0,1.0,3.0,0.0,0.0,白色,2WD,汽油,4門,5座,未領牌,0,弘達國際桃園店,弘達國際桃園店,桃園市桃園區文中路491號,1,1,1,0,1,1,1,1,1,1,1,1,1,0,1,0,1,0,1,1
12,2804998,400097,Suzuki,44,1.1L以下,<b>2018</b>年,<b>3.5</b>萬km,48.8,<b>48.8</b>萬,3,Fb搜尋：【耀.car優質好評商家Goo&amp;德萊茵雙認証】,2021-06-29 16:04:54,<font>22分鐘內更新</font>,1.0,460,https://p2.8891.com.tw/2021/06/29/1624956141309696_220_165.jpg,https://p2.8891.com.tw/2021/06/29/1624956141309696_300_225.jpg,13,,460.0,Swift,Swift,,8.0,0.0,1.0,0.0,1.0,1.0,0.0,1.0,256.0,0.0,0.0,新北市,手自排,2018,False,False,,[],0.0,[],0.0,0.0,1.0,1.0,3.0,0.0,0.0,黑色,2WD,汽油,5門,5座,2019年03月領牌,1,耀Car優質好評商家,耀Car優質好評商家,新北市五股區五股區,1,1,1,1,1,1,1,1,1,1,1,1,1,1,1,1,1,1,0,1
13,2803407,64523,Mercedes-Benz,27,4.0L,<b>2018</b>年,<b>3.0</b>萬km,398.0,<b>398</b>萬,3,【明山車業&amp;德星國際】2018~S-560L- 4.0L- 23P，抗指外線玻璃,2021-06-28 11:04:35,<font>22分鐘內更新</font>,1.0,165,https://p1.8891.com.tw/2021/06/03/1622700977576701_220_165.jpg,https://p1.8891.com.tw/2021/06/03/1622700977576701_300_225.jpg,14,,165.0,S-Class Sedan,S-Class Sedan,S560 L,18.0,1.0,1.0,0.0,1.0,1.0,0.0,0.0,0.0,0.0,0.0,嘉義市,手自排,2018,False,False,,[],0.0,[],0.0,0.0,1.0,1.0,3.0,0.0,0.0,黑色,2WD,汽油,4門,5座,未領牌,0,明山車業&amp;德星貿易,明山車業&amp;德星貿易,嘉義市西區,1,1,1,1,1,1,1,1,1,1,1,1,1,1,1,1,1,1,1,1
14,2809352,223511,BMW,6,3.0L,<b>2019</b>年,<b>1.0</b>萬km,268.0,<b>268</b>萬,3,X4 M40 5AS 液晶儀表 LED頭燈 全景 摸門 抬顯 HK 菱格紋內裝,2021-07-03 17:32:06,<font>22分鐘內更新</font>,1.0,41,https://p2.8891.com.tw/2021/07/03/1625304132935320_220_165.jpg,https://p2.8891.com.tw/2021/07/03/1625304132935320_300_225.jpg,15,,41.0,X4,X4,M40i,20.0,1.0,1.0,1.0,1.0,1.0,2.0,0.0,0.0,0.0,0.0,新北市,手自排,2020,False,False,,[],0.0,[],0.0,0.0,1.0,1.0,3.0,0.0,0.0,黑色,4WD,汽油,5門,5座,未領牌,0,弘億汽車,弘億汽車,新北市泰山區,1,1,1,1,1,1,1,1,1,1,1,1,1,1,1,1,1,1,1,1
15,2799265,223511,Mercedes-Benz,27,2.0L,<b>2016</b>年,<b>6.1</b>萬km,155.0,<b>155</b>萬,3,GLC300 AMG LED雙魚眼 全景 前後雷達 自動停車 盲點 大銀幕 顯影,2021-06-23 15:30:11,<font>22分鐘內更新</font>,,335,https://p1.8891.com.tw/2021/05/19/1621403273836929_220_165.jpg,https://p1.8891.com.tw/2021/05/19/1621403273836929_300_225.jpg,16,,335.0,GLC,GLC,GLC300,17.0,1.0,1.0,1.0,1.0,0.0,3.0,1.0,256.0,0.0,0.0,新北市,手自排,2017,False,False,,[],0.0,[],0.0,0.0,1.0,1.0,3.0,0.0,0.0,黑色,4WD,汽油,5門,5座,未領牌,1,弘億汽車,弘億汽車,新北市泰山區,1,1,1,1,1,1,1,1,1,1,1,1,1,0,1,1,1,1,1,1
16,2792475,223511,Mercedes-Benz,27,3.0L,<b>2019</b>年,<b>5900</b>km,268.0,<b>268</b>萬,3,390匹 Designo賽車椅 23p跟車 跑排 全液晶 360環景 夜色套件,2021-06-16 20:43:43,<font>22分鐘內更新</font>,,576,https://p2.8891.com.tw/2021/06/16/1623847194225670_220_165.jpg,https://p2.8891.com.tw/2021/06/16/1623847194225670_300_225.jpg,17,,576.0,C-Class Sedan,C-Class Sedan,AMG C43,20.0,1.0,1.0,1.0,1.0,0.0,3.0,0.0,0.0,0.0,0.0,桃園市,手自排,2019,False,False,,[],0.0,[],0.0,0.0,1.0,1.0,3.0,0.0,0.0,黑色,4WD,汽油,4門,5座,未領牌,0,弘億汽車,弘億汽車,桃園市桃園區,1,1,1,1,1,1,1,1,1,1,1,1,1,1,1,1,1,1,1,1
17,2809298,223511,BMW,6,3.0L,<b>2018</b>年,<b>4.7</b>萬km,238.0,<b>238</b>萬,3,640GT M版 5AT跟車 LED頭燈 全景 吸門 抬顯 環景 冷熱按摩椅,2021-07-03 17:03:19,<font>22分鐘內更新</font>,1.0,81,https://p2.8891.com.tw/2021/07/03/1625301926811930_220_165.jpg,https://p2.8891.com.tw/2021/07/03/1625301926811930_300_225.jpg,18,,81.0,6-Series GT,6-Series GT,640i M Sport,20.0,1.0,1.0,1.0,1.0,1.0,2.0,0.0,0.0,0.0,0.0,新北市,手自排,2018,False,False,,[],0.0,[],0.0,0.0,1.0,1.0,3.0,0.0,0.0,白色,4WD,汽油,5門,5座,未領牌,0,弘億汽車,弘億汽車,新北市泰山區,1,1,1,1,1,1,1,1,1,1,1,1,1,1,1,1,1,1,1,1
18,2802554,223511,Mercedes-Benz,27,3.0L,<b>2017</b>年,<b>5.6</b>萬km,238.0,<b>238</b>萬,3,E400T 旅行車 P20跟車 多光束 抬顯HUD 360環景 全景 柏林 摸門,2021-06-26 19:17:40,<font>22分鐘內更新</font>,,243,https://p2.8891.com.tw/2021/06/26/1624705861863356_220_165.jpg,https://p2.8891.com.tw/2021/06/26/1624705861863356_300_225.jpg,19,,243.0,E-Class Estate,E-Class Estate,E400,20.0,1.0,1.0,1.0,1.0,0.0,2.0,1.0,256.0,0.0,0.0,新北市,手自排,2018,False,False,,[],0.0,[],0.0,0.0,1.0,1.0,3.0,0.0,0.0,黑色,4WD,汽油,5門,7座,未領牌,1,弘億汽車,弘億汽車,新北市三重區,1,1,1,1,1,1,1,1,1,1,1,1,1,1,1,1,1,1,1,1
19,2802593,223511,BMW,6,2.0L,<b>2017</b>年,<b>6.1</b>萬km,152.0,<b>152</b>萬,3,正17 530i 運動版 摸門 天窗 氣氛燈 顯影 新車利率 可貸七年,2021-06-26 19:56:18,<font>22分鐘內更新</font>,,257,https://p1.8891.com.tw/2021/06/26/1624708384031495_220_165.jpg,https://p1.8891.com.tw/2021/06/26/1624708384031495_300_225.jpg,20,,257.0,5-Series Sedan,5-Series Sedan,530i,18.0,1.0,1.0,1.0,1.0,0.0,2.0,0.0,0.0,0.0,0.0,新北市,手自排,2017,False,False,,[],0.0,[],0.0,0.0,1.0,1.0,3.0,0.0,0.0,白色,2WD,汽油,4門,5座,未領牌,0,弘億汽車,弘億汽車,新北市三重區,1,1,1,1,1,1,1,1,1,1,1,1,1,1,1,1,1,0,1,1
20,2777215,223511,BMW,6,3.0L,<b>2017</b>年,<b>3.4</b>萬km,205.0,<b>205</b>萬,3,540i M版 M套件 5AT跟車 高規B&amp;W音響 抬顯HUD 摸門 360環景,2021-06-01 14:12:01,<font>22分鐘內更新</font>,,615,https://p2.8891.com.tw/2021/06/01/1622527780034704_220_165.jpg,https://p2.8891.com.tw/2021/06/01/1622527780034704_300_225.jpg,21,,615.0,5-Series Sedan,5-Series Sedan,540i M Sport,19.0,1.0,1.0,1.0,1.0,0.0,2.0,1.0,256.0,0.0,0.0,新北市,手自排,2017,False,False,,[],0.0,[],0.0,0.0,1.0,1.0,3.0,0.0,0.0,藍色,4WD,汽油,4門,5座,未領牌,1,弘億汽車,弘億汽車,新北市泰山區,1,1,1,1,1,1,1,1,1,1,1,1,1,1,1,1,1,1,1,1
21,2803343,159782,BMW,6,3.0L,<b>2019</b>年,<b>2.5</b>萬km,258.0,<b>258</b>萬,3,BMW X5 40i G世代 全景 2019年 弘達國際 #L22312,2021-06-28 10:18:51,<font>23分鐘內更新</font>,1.0,539,https://p1.8891.com.tw/2021/05/27/1622093041054779_220_165.jpg,https://p1.8891.com.tw/2021/05/27/1622093041054779_300_225.jpg,22,,539.0,X5,X5,XDrive40i,20.0,0.0,1.0,0.0,1.0,1.0,0.0,0.0,0.0,0.0,0.0,新北市,手自排,2019,False,False,,[],0.0,[],0.0,0.0,1.0,1.0,3.0,0.0,0.0,黑色,4WD,汽油,5門,5座,未領牌,0,弘達國際汽車,弘達國際汽車,新北市泰山區,1,1,1,0,1,1,1,1,1,1,1,1,1,1,1,1,1,1,1,1
22,2802563,164115,BMW,6,3.0L,<b>2007</b>年,<b>16.0</b>萬km,38.8,<b>38.8</b>萬,3,2007 BMW E92 328ci 雙門4座 黑 M包 自然進氣,2021-06-27 14:18:16,<font>24分鐘內更新</font>,,352,https://p2.8891.com.tw/2021/06/26/1624706284620636_220_165.jpg,https://p2.8891.com.tw/2021/06/26/1624706284620636_300_225.jpg,23,,352.0,3-Series Coupe,3-Series Coupe,328ci,13.0,0.0,1.0,0.0,1.0,0.0,0.0,0.0,0.0,0.0,0.0,新北市,手自排,2007,False,False,,[],0.0,[],0.0,0.0,1.0,1.0,3.0,0.0,0.0,黑色,2WD,汽油,2門,4座,2007年02月領牌,0,冠天下國際車業,冠天下國際車業,新北市三峽區學成路135號,1,1,1,1,1,1,1,1,1,1,1,0,0,0,1,1,1,0,1,1
23,2808030,159782,Porsche,35,3.0L,<b>2019</b>年,<b>3.5</b>萬km,0.0,<b>電洽</b>,3,Porsche MACANS ACC 紅內裝 音響 19年弘達國際#33442,2021-07-02 14:10:49,<font>24分鐘內更新</font>,1.0,144,https://p1.8891.com.tw/2021/06/02/1622600235350051_220_165.jpg,https://p1.8891.com.tw/2021/06/02/1622600235350051_300_225.jpg,24,,144.0,Macan S,Macan S,,20.0,0.0,1.0,0.0,1.0,1.0,0.0,0.0,0.0,0.0,0.0,新北市,手自排,2019,False,False,,[],0.0,[],0.0,0.0,1.0,1.0,3.0,0.0,0.0,黑色,4WD,汽油,5門,5座,未領牌,0,弘達國際汽車,弘達國際汽車,新北市泰山區,1,1,1,1,1,1,1,1,1,1,1,1,1,0,1,1,1,0,1,1
24,2787792,175472,Toyota,46,1.8L,<b>2020</b>年,<b>5000</b>km,58.8,<b>58.8</b>萬,3,【主打百分之百過件全額貸款】ＦＢ搜尋 ：宇安嚴選中古車,2021-06-11 16:02:10,<font>24分鐘內更新</font>,,"<span class=""Red"">3159</span>",https://p2.8891.com.tw/2020/07/05/1593950000385364_220_165.jpg,https://p2.8891.com.tw/2020/07/05/1593950000385364_300_225.jpg,25,,3159.0,Corolla Altis,Corolla Altis,,19.0,0.0,1.0,0.0,1.0,0.0,0.0,0.0,0.0,0.0,0.0,新竹縣,自排,2020,False,False,,[],0.0,[],0.0,0.0,1.0,1.0,3.0,0.0,0.0,白色,2WD,汽油,4門,5座,2020年06月領牌,0,智宇 中古車買賣,智宇 中古車買賣,新竹縣湖口鄉,1,1,1,1,1,1,1,1,1,1,1,1,1,1,1,1,1,0,0,1
25,2806587,159782,Mercedes-Benz,27,2.0L,<b>2015</b>年,<b>6.1</b>萬km,168.0,<b>168</b>萬,3,BENZ C450 AMG 23P跟車系統電子懸吊 16年 弘達國際#08390,2021-07-01 09:29:58,<font>28分鐘內更新</font>,1.0,250,https://p1.8891.com.tw/2021/03/29/1616999200625607_220_165.jpg,https://p1.8891.com.tw/2021/03/29/1616999200625607_300_225.jpg,26,,250.0,C-Class Sedan,C-Class Sedan,C450,17.0,0.0,1.0,0.0,1.0,1.0,0.0,0.0,0.0,0.0,0.0,新北市,手自排,2016,False,False,,[],0.0,[],0.0,0.0,1.0,1.0,3.0,0.0,0.0,白色,4WD,汽油,4門,5座,未領牌,0,弘達國際汽車,弘達國際汽車,新北市泰山區,1,1,1,1,1,1,1,1,1,1,1,1,1,0,1,0,1,0,1,1
26,2803340,159782,Mercedes-Benz,27,2.0L,<b>2017</b>年,<b>7.9</b>萬km,158.0,<b>158</b>萬,3,BENZ GLC300 大螢幕 全景天窗 免鑰匙 17年 弘達國際#013605,2021-06-28 10:18:09,<font>28分鐘內更新</font>,1.0,254,https://p1.8891.com.tw/2021/03/25/1616658834450077_220_165.jpg,https://p1.8891.com.tw/2021/03/25/1616658834450077_300_225.jpg,27,,254.0,GLC,GLC,GLC300,19.0,0.0,1.0,0.0,1.0,1.0,0.0,0.0,0.0,0.0,0.0,新北市,手自排,2017,False,False,,[],0.0,[],0.0,0.0,1.0,1.0,3.0,0.0,0.0,黑色,4WD,汽油,5門,5座,未領牌,0,弘達國際汽車,弘達國際汽車,新北市泰山區,1,1,1,1,1,1,1,1,1,1,1,1,1,0,1,0,1,0,1,1
27,2681475,347255,Mercedes-Benz,27,2.0L,<b>2017</b>年,<b>5.6</b>萬km,175.0,<b>175</b>萬,3,GLC300升級20款GLC43 柏林 360環景 黑梣木 駐車雷達 原廠認證,2021-02-25 14:41:08,<font>28分鐘內更新</font>,,"<span class=""Red"">14257</span>",https://p2.8891.com.tw/2021/07/02/1625188261696344_220_165.png,https://p2.8891.com.tw/2021/07/02/1625188261696344_300_225.png,28,,14257.0,GLC,GLC,GLC300,20.0,0.0,1.0,0.0,1.0,0.0,0.0,0.0,0.0,0.0,0.0,高雄市,手自排,2017,False,False,,[],0.0,[],0.0,0.0,1.0,1.0,3.0,0.0,0.0,白色,4WD,汽油,5門,5座,未領牌,0,台基貿易,台基貿易,高雄市新興區開封路377號1樓,1,1,1,1,1,1,1,1,1,1,1,1,1,1,1,1,1,1,1,1
28,2769974,702837,Mercedes-Benz,27,2.0L,<b>2017</b>年,<b>2.5</b>萬km,0.0,<b>電洽</b>,3,Sam國際車庫 四輪傳動 23P LED頭燈 全景天窗 自動停車 360度環景,2021-05-24 14:19:06,<font>28分鐘內更新</font>,,570,https://p1.8891.com.tw/2021/06/18/1624013761777047_220_165.jpg,https://p1.8891.com.tw/2021/06/18/1624013761777047_300_225.jpg,29,,570.0,GLC,GLC,GLC300,17.0,0.0,1.0,0.0,1.0,0.0,0.0,0.0,0.0,0.0,0.0,新竹縣,手自排,2018,False,False,,[],0.0,[],0.0,0.0,1.0,1.0,3.0,0.0,0.0,黑色,4WD,汽油,5門,5座,未領牌,0,尤先生,車商賣家,新竹縣竹北市,1,1,1,1,1,1,1,1,1,1,1,1,1,1,1,1,1,1,1,1
29,2803346,159782,BMW,6,2.0L,<b>2019</b>年,<b>1.4</b>萬km,228.0,<b>228</b>萬,3,BMW M235GC 跟車 抬顯 M卡鉗 2020年 弘達國際 #49306,2021-06-28 10:19:49,<font>33分鐘內更新</font>,1.0,569,https://p2.8891.com.tw/2021/05/26/1622016625769008_220_165.jpg,https://p2.8891.com.tw/2021/05/26/1622016625769008_300_225.jpg,30,,569.0,2-Series Gran Coupe,2-Series Gran Coupe,M235i XDrive,20.0,0.0,1.0,0.0,1.0,1.0,0.0,0.0,0.0,0.0,0.0,新北市,手自排,2020,False,False,,[],0.0,[],0.0,0.0,1.0,1.0,3.0,0.0,0.0,白色,4WD,汽油,4門,5座,未領牌,0,弘達國際汽車,弘達國際汽車,新北市泰山區,1,1,1,1,1,1,1,1,1,1,1,1,1,1,1,1,1,0,1,1
30,2808403,159782,BMW,6,3.0L,<b>2017</b>年,<b>3.4</b>萬km,205.0,<b>205</b>萬,3,BMW 540i M版 5AT B&amp;amp;W高級音響 17年 弘達國際 #A03448,2021-07-02 17:50:44,<font>34分鐘內更新</font>,1.0,170,https://p1.8891.com.tw/2021/06/02/1622614779799593_220_165.jpg,https://p1.8891.com.tw/2021/06/02/1622614779799593_300_225.jpg,31,,170.0,5-Series Sedan,5-Series Sedan,540i M Sport,20.0,0.0,1.0,0.0,1.0,1.0,0.0,0.0,0.0,0.0,0.0,新北市,手自排,2017,False,False,,[],0.0,[],0.0,0.0,1.0,1.0,3.0,0.0,0.0,藍色,2WD,汽油,4門,5座,未領牌,0,弘達國際汽車,弘達國際汽車,新北市泰山區,1,1,1,1,1,1,1,1,1,1,1,1,1,1,1,1,1,1,1,1
31,2806586,159782,BMW,6,3.0L,<b>2018</b>年,<b>5.0</b>萬km,228.0,<b>228</b>萬,3,BMW X3 M40i M卡鉗 液晶儀表 全景 18年 弘達國際 #98414,2021-07-01 09:29:42,<font>38分鐘內更新</font>,1.0,192,https://p2.8891.com.tw/2021/03/29/1616998955608092_220_165.jpg,https://p2.8891.com.tw/2021/03/29/1616998955608092_300_225.jpg,32,,192.0,X3,X3,M40i,20.0,0.0,1.0,0.0,1.0,1.0,0.0,0.0,0.0,0.0,0.0,新北市,手自排,2018,False,False,,[],0.0,[],0.0,0.0,1.0,1.0,3.0,0.0,0.0,白色,4WD,汽油,5門,5座,未領牌,0,弘達國際汽車,弘達國際汽車,新北市泰山區,1,1,1,1,1,1,1,1,1,1,1,1,1,1,1,1,1,0,1,1
32,2803336,159782,Mercedes-Benz,27,2.0L,<b>2016</b>年,<b>6.8</b>萬km,158.0,<b>158</b>萬,3,BENZ GLC300 AMG 全後雷達自動停車 17年 弘達國際#153953,2021-06-28 10:17:38,<font>39分鐘內更新</font>,1.0,349,https://p1.8891.com.tw/2021/05/27/1622104602150619_220_165.jpg,https://p1.8891.com.tw/2021/05/27/1622104602150619_300_225.jpg,33,,349.0,GLC,GLC,GLC300,16.0,0.0,1.0,0.0,1.0,1.0,0.0,0.0,0.0,0.0,0.0,新北市,手自排,2017,False,False,,[],0.0,[],0.0,0.0,1.0,1.0,3.0,0.0,0.0,黑色,4WD,汽油,5門,5座,未領牌,0,弘達國際汽車,弘達國際汽車,新北市泰山區新五路一段147號,1,1,1,1,1,1,1,1,1,1,1,1,1,0,1,1,1,0,1,1
33,2803348,159782,Mercedes-Benz,27,2.0L,<b>2017</b>年,<b>3.2</b>萬km,160.0,<b>160</b>萬,3,BENZ GLC300 魚眼頭燈 盲點偵測 跑少 17年 弘達國際#03926,2021-06-28 10:20:08,<font>46分鐘內更新</font>,1.0,482,https://p1.8891.com.tw/2021/03/25/1616659527441465_220_165.jpg,https://p1.8891.com.tw/2021/03/25/1616659527441465_300_225.jpg,34,,482.0,GLC,GLC,GLC300,15.0,0.0,1.0,0.0,1.0,1.0,0.0,0.0,0.0,0.0,0.0,新北市,手自排,2017,False,False,,[],0.0,[],0.0,0.0,1.0,1.0,3.0,0.0,0.0,黑色,4WD,汽油,5門,5座,未領牌,0,弘達國際汽車,弘達國際汽車,新北市泰山區,1,1,1,1,1,1,1,1,1,1,1,1,1,0,1,0,1,0,1,1
34,2803330,159782,Porsche,35,2.0L,<b>2019</b>年,<b>2.6</b>萬km,268.0,<b>268</b>萬,3,Porsche MACAN 選配輪框音響免鑰匙14向 19年弘達國際#03191,2021-06-28 10:16:47,<font>48分鐘內更新</font>,1.0,319,https://p2.8891.com.tw/2021/02/24/1614155506137646_220_165.jpg,https://p2.8891.com.tw/2021/02/24/1614155506137646_300_225.jpg,35,,319.0,Macan,Macan,,20.0,0.0,1.0,0.0,1.0,1.0,0.0,0.0,0.0,0.0,0.0,新北市,手自排,2019,False,False,,[],0.0,[],0.0,0.0,1.0,1.0,3.0,0.0,0.0,銀色,4WD,汽油,5門,5座,未領牌,0,弘達國際汽車,弘達國際汽車,新北市泰山區,1,1,1,1,1,1,1,1,1,1,1,1,1,0,1,1,1,0,1,1
35,2805040,159782,Porsche,35,2.0L,<b>2019</b>年,<b>8648</b>km,268.0,<b>268</b>萬,3,Porsche MACAN 14向電動椅 選配音響 19年弘達國際#B04725,2021-06-29 16:37:31,<font>48分鐘內更新</font>,1.0,344,https://p2.8891.com.tw/2021/06/29/1624955825989206_220_165.jpg,https://p2.8891.com.tw/2021/06/29/1624955825989206_300_225.jpg,36,,344.0,Macan,Macan,,20.0,0.0,1.0,0.0,1.0,1.0,0.0,0.0,0.0,0.0,0.0,新北市,手自排,2019,False,False,,[],0.0,[],0.0,0.0,1.0,1.0,3.0,0.0,0.0,銀色,4WD,汽油,5門,5座,未領牌,0,弘達國際汽車,弘達國際汽車,新北市泰山區,1,1,1,1,1,1,1,1,1,1,1,1,1,1,1,1,1,0,1,1
36,2803334,159782,Porsche,35,2.0L,<b>2017</b>年,<b>5.2</b>萬km,258.0,<b>258</b>萬,3,Porsche 718Boxster 免鑰匙 音響 17年弘達國際#221907,2021-06-28 10:17:22,<font>49分鐘內更新</font>,1.0,440,https://p2.8891.com.tw/2021/04/27/1619512502625148_220_165.jpg,https://p2.8891.com.tw/2021/04/27/1619512502625148_300_225.jpg,37,,440.0,718 Boxster,718 Boxster,,20.0,0.0,1.0,0.0,1.0,1.0,0.0,0.0,0.0,0.0,0.0,新北市,手自排,2017,False,False,,[],0.0,[],0.0,0.0,1.0,1.0,3.0,0.0,0.0,黑色,2WD,汽油,2門,2座,未領牌,0,弘達國際汽車,弘達國際汽車,新北市泰山區新五路一段147號,1,1,1,1,1,1,1,0,1,1,1,1,1,0,0,1,1,0,0,1
37,2803338,159782,Porsche,35,3.0L,<b>2017</b>年,<b>5.5</b>萬km,368.0,<b>368</b>萬,3,Porsche PANAMERA 4 吸門 14向椅 17年弘達國際#01357,2021-06-28 10:17:52,<font>53分鐘內更新</font>,1.0,766,https://p1.8891.com.tw/2020/12/24/1608792215617667_220_165.jpg,https://p1.8891.com.tw/2020/12/24/1608792215617667_300_225.jpg,38,,766.0,Panamera,Panamera,,20.0,0.0,1.0,0.0,1.0,1.0,0.0,0.0,0.0,0.0,0.0,新北市,自手排,2017,False,False,,[],0.0,[],0.0,0.0,1.0,1.0,3.0,0.0,0.0,白色,4WD,汽油,4門,4座,未領牌,0,弘達國際汽車,弘達國際汽車,新北市泰山區新五路一段147號,1,1,1,1,1,1,1,1,1,1,1,1,1,1,1,1,1,1,1,1
38,2808402,159782,Mercedes-Benz,27,2.0L,<b>2020</b>年,<b>9000</b>km,180.0,<b>180</b>萬,3,BENZ A250 AMG 氣氛燈 跑少 2020年 弘達國際#20759,2021-07-02 17:50:31,<font>53分鐘內更新</font>,1.0,124,https://p1.8891.com.tw/2021/06/02/1622616445026415_220_165.jpg,https://p1.8891.com.tw/2021/06/02/1622616445026415_300_225.jpg,39,,124.0,A-Class,A-Class,A250 運動版,20.0,0.0,1.0,0.0,1.0,1.0,0.0,0.0,0.0,0.0,0.0,新北市,手自排,2020,False,False,,[],0.0,[],0.0,0.0,1.0,1.0,3.0,0.0,0.0,黑色,4WD,汽油,5門,5座,未領牌,0,弘達國際汽車,弘達國際汽車,新北市泰山區,1,1,1,1,1,1,1,1,1,1,1,1,1,1,1,0,1,0,1,0
39,2802845,691175,Honda,16,1.8L,<b>2013</b>年,<b>9.6</b>萬km,36.0,<b>36.0</b>萬,3,✔️0元交車✔️全額貸✔️超貸✔️雙證件核貸✔️強力過件,2021-06-27 12:41:41,<font>53分鐘內更新</font>,,544,https://p1.8891.com.tw/2021/06/27/1624768704020723_220_165.jpg,https://p1.8891.com.tw/2021/06/27/1624768704020723_300_225.jpg,40,,544.0,Civic,Civic,,9.0,0.0,1.0,0.0,1.0,0.0,0.0,0.0,0.0,0.0,0.0,桃園市,自排,2013,False,False,,[],0.0,[],7911.0,0.0,1.0,1.0,3.0,0.0,0.0,灰色,2WD,汽油,4門,5座,2013年03月領牌,0,瑞克人氣車庫,瑞克人氣車庫,桃園市中壢區,1,0,1,0,0,1,1,1,1,1,1,1,1,1,1,1,1,0,1,1
40,2803024,353422,Nissan,32,1.5L,<b>2020</b>年,<b>1.2</b>萬km,66.8,<b>66.8</b>萬,3,一手自售、原漆鍍膜、里程低,2021-06-27 17:08:27,<font>2小時內更新</font>,1.0,435,https://p1.8891.com.tw/2021/06/29/1624979446139729_220_165.jpg,https://p1.8891.com.tw/2021/06/29/1624979446139729_300_225.jpg,41,,435.0,Kicks,Kicks,,3.0,0.0,1.0,0.0,1.0,1.0,0.0,0.0,0.0,0.0,0.0,台中市,自排,2020,False,False,,[],0.0,[],0.0,0.0,1.0,1.0,3.0,0.0,0.0,紅色,2WD,汽油,5門,5座,2020年06月領牌,0,林先生,個人賣家,台中市西屯區,1,1,1,1,1,1,1,1,1,1,1,1,1,1,1,1,1,0,1,1
41,2785082,183590,Honda,16,1.5L,<b>2018</b>年,<b>2.0</b>萬km,43.0,<b>43</b>萬,3,全車系全額貸款貸款利率優惠中/月付超低/信用小白/瑕疵強力過件,2021-06-09 11:37:35,<font>2小時內更新</font>,,"<span class=""Red"">1592</span>",https://p2.8891.com.tw/2021/06/07/1623046823218316_220_165.jpg,https://p2.8891.com.tw/2021/06/07/1623046823218316_300_225.jpg,42,,1592.0,Fit,Fit,,20.0,1.0,1.0,0.0,1.0,0.0,0.0,0.0,0.0,0.0,0.0,桃園市,自排,2018,False,False,,[],0.0,[],0.0,0.0,1.0,1.0,3.0,0.0,0.0,白色,2WD,汽油,5門,5座,2018年05月領牌,0,阿書強打桃園中古車,阿書強打桃園中古車,桃園市中壢區新中北路819-8號,0,0,0,0,0,1,0,0,0,1,1,1,0,0,1,1,1,0,0,1
42,2766124,699215,Toyota,46,1.5L,<b>2015</b>年,<b>4.3</b>萬km,27.2,<b>27.2</b>萬,3,七天鑑定期/視訊公開賣價/視訊賞車/線上購車/FB搜尋『淇淇車庫』,2021-05-23 10:54:30,<font>2小時內更新</font>,,"<span class=""Red"">1756</span>",https://p2.8891.com.tw/2021/05/20/1621480936888050_220_165.jpg,https://p2.8891.com.tw/2021/05/20/1621480936888050_300_225.jpg,43,,1756.0,Yaris,Yaris,,5.0,0.0,1.0,0.0,1.0,0.0,0.0,0.0,0.0,0.0,0.0,新北市,自手排,2015,False,False,,[],0.0,[],0.0,0.0,1.0,1.0,3.0,0.0,0.0,白色,2WD,汽油,5門,5座,2015年09月領牌,0,淇淇車庫,淇淇車庫,新北市八里區,1,1,1,1,1,1,1,1,1,1,1,1,1,1,1,1,1,1,1,1
43,2801026,708665,BMW,6,3.0L,<b>2015</b>年,<b>9.1</b>萬km,152.0,<b>152</b>萬,3,全車原鈑件、原漆、原廠保養,2021-06-25 13:12:15,<font>2小時內更新</font>,,382,https://p2.8891.com.tw/2021/06/25/5/1624596658072456_220_165.jpg,https://p2.8891.com.tw/2021/06/25/5/1624596658072456_300_225.jpg,44,,382.0,X6,X6,XDrive35i,16.0,0.0,1.0,0.0,1.0,0.0,0.0,0.0,0.0,0.0,1.0,台中市,手自排,2015,False,False,,[],0.0,[],0.0,0.0,1.0,1.0,3.0,0.0,0.0,黑色,4WD,汽油,5門,5座,2021年06月領牌,0,張先生,個人賣家,台中市烏日區,1,1,1,1,1,1,1,1,1,1,1,1,1,1,1,1,1,1,1,1
44,2807194,709849,Mercedes-Benz,27,3.0L,<b>2016</b>年,<b>4.2</b>萬km,198.0,<b>198</b>萬,3,【總代理 Benz   C43 Coupe  AMG  4 Matic】,2021-07-01 16:40:14,<font>2小時內更新</font>,1.0,309,https://p1.8891.com.tw/2021/07/01/1625128459258645_220_165.jpg,https://p1.8891.com.tw/2021/07/01/1625128459258645_300_225.jpg,45,,309.0,C-Class Coupe,C-Class Coupe,AMG C43,12.0,0.0,1.0,0.0,1.0,1.0,0.0,0.0,0.0,0.0,0.0,高雄市,手自排,2017,False,False,,[],0.0,[],0.0,0.0,1.0,1.0,3.0,0.0,0.0,白色,4WD,汽油,2門,4座,2016年11月領牌,0,陳先生,個人賣家,高雄市鳥松區,1,1,1,1,1,1,1,1,1,1,1,1,1,1,1,1,1,1,1,1
45,2792998,374794,Mercedes-Benz,27,2.0L,<b>2020</b>年,<b>1000</b>km,183.0,<b>183</b>萬,3,BENZ 正20  A250  AMG 夜色套件  天窗  雙液晶螢幕 桃園弘達,2021-06-17 14:37:25,<font>2小時內更新</font>,,968,https://p2.8891.com.tw/2021/06/17/1623911794290480_220_165.jpg,https://p2.8891.com.tw/2021/06/17/1623911794290480_300_225.jpg,46,,968.0,A-Class,A-Class,A250,20.0,0.0,1.0,1.0,1.0,0.0,0.0,0.0,0.0,0.0,0.0,桃園市,手自排,2020,False,False,,[],0.0,[],0.0,0.0,1.0,1.0,3.0,0.0,0.0,白色,4WD,汽油,5門,5座,未領牌,0,弘達國際桃園店,弘達國際桃園店,桃園市桃園區文中路491號,1,1,1,1,1,1,1,1,1,1,1,1,1,0,1,0,1,0,1,1
46,2791379,374794,Mercedes-Benz,27,2.0L,<b>2016</b>年,<b>9.5</b>萬km,153.0,<b>153</b>萬,3,Benz  GLC300  AMG  LED頭燈  自動停車系統  全景天窗,2021-06-15 19:54:12,<font>2小時內更新</font>,,435,https://p2.8891.com.tw/2021/06/15/1623758014712934_220_165.jpg,https://p2.8891.com.tw/2021/06/15/1623758014712934_300_225.jpg,47,,435.0,GLC,GLC,GLC300,19.0,0.0,1.0,1.0,1.0,0.0,3.0,0.0,0.0,0.0,0.0,桃園市,手自排,2017,False,False,,[],0.0,[],0.0,0.0,1.0,1.0,3.0,0.0,0.0,白色,4WD,汽油,5門,5座,未領牌,0,弘達國際桃園店,弘達國際桃園店,桃園市桃園區文中路491號,1,1,1,1,1,1,1,1,1,1,1,1,1,0,1,1,1,1,1,1
47,2776197,374794,Mercedes-Benz,27,2.0L,<b>2020</b>年,<b>1.2</b>萬km,222.0,<b>222</b>萬,3,Benz 正20 GLC300 AMG 低里程 全景天窗 360環景 自動停車,2021-05-31 13:45:11,<font>2小時內更新</font>,,"<span class=""Red"">1164</span>",https://p2.8891.com.tw/2021/05/31/1622439876510202_220_165.jpg,https://p2.8891.com.tw/2021/05/31/1622439876510202_300_225.jpg,48,,1164.0,GLC,GLC,GLC300,20.0,0.0,1.0,1.0,1.0,0.0,0.0,0.0,0.0,0.0,0.0,桃園市,手自排,2020,False,False,,[],0.0,[],0.0,0.0,1.0,1.0,3.0,0.0,0.0,黑色,4WD,汽油,5門,5座,未領牌,0,弘達國際桃園店,弘達國際桃園店,桃園市桃園區文中路491號,1,1,1,1,1,1,1,1,1,1,1,1,1,0,1,1,1,1,1,1
48,2790156,223511,Mercedes-Benz,27,2.0L,<b>2017</b>年,<b>5.2</b>萬km,168.0,<b>168</b>萬,3,GLC300 AMG 四傳 雙魚眼 全景 摸門 盲點 前後雷達 自動停車 電尾門,2021-06-14 16:49:17,<font>2小時內更新</font>,,329,https://p1.8891.com.tw/2021/06/14/1623660505023429_220_165.jpg,https://p1.8891.com.tw/2021/06/14/1623660505023429_300_225.jpg,49,,329.0,GLC,GLC,GLC300,20.0,1.0,1.0,1.0,1.0,0.0,3.0,1.0,256.0,0.0,0.0,新北市,手自排,2018,False,False,,[],0.0,[],0.0,0.0,1.0,1.0,3.0,0.0,0.0,白色,4WD,汽油,5門,5座,未領牌,1,弘億汽車,弘億汽車,新北市泰山區,1,1,1,1,1,1,1,1,1,1,1,1,1,0,1,1,1,1,1,1
49,2802291,26312,Mercedes-Benz,27,5.5L,<b>2007</b>年,<b>10.1</b>萬km,0.0,<b>電洽</b>,3,2007年 CL500 一手車.夜視系統.冷熱通風椅.倒車影像.台中上豪,2021-06-26 15:58:08,<font>2小時內更新</font>,,160,https://p2.8891.com.tw/2021/04/24/1619197755976594_220_165.jpg,https://p2.8891.com.tw/2021/04/24/1619197755976594_300_225.jpg,50,,160.0,CL-Class,CL-Class,CL500,20.0,0.0,1.0,0.0,1.0,0.0,0.0,0.0,0.0,0.0,0.0,台中市,自排,2007,False,False,,[],0.0,[],0.0,0.0,1.0,1.0,3.0,0.0,0.0,銀色,2WD,汽油,2門,4座,2010年11月領牌,0,台中上豪汽車,台中上豪汽車,台中市南屯區五權西路2段1229號,0,0,0,0,0,0,0,0,0,0,0,0,0,0,0,0,0,0,0,0
50,2781221,547759,Luxgen,26,1.8L,<b>2017</b>年,<b>4.0</b>萬km,20.8,<b>20.8</b>萬,3,超狂價差40萬起跳★★免頭款★免保人【FB搜尋:圓夢中古車s小謝嚴選-認證車】,2021-06-05 11:18:58,<font>2小時內更新</font>,,569,https://p2.8891.com.tw/2021/06/05/1622863098247638_220_165.jpg,https://p2.8891.com.tw/2021/06/05/1622863098247638_300_225.jpg,51,,569.0,U6 Turbo ECO Hyper,U6 Turbo ECO Hyper,,15.0,0.0,1.0,0.0,1.0,0.0,0.0,0.0,0.0,0.0,0.0,桃園市,自排,2018,False,False,,[],0.0,[],0.0,0.0,1.0,1.0,3.0,0.0,0.0,白色,2WD,汽油,5門,5座,未領牌,0,小謝圓夢中古車認證車,小謝圓夢中古車認證車,桃園市八德區永豐南路63-1號,1,1,1,1,1,1,1,1,1,1,1,1,1,1,1,1,1,1,1,1
51,2803991,374794,Mercedes-Benz,27,2.0L,<b>2018</b>年,<b>5.6</b>萬km,238.0,<b>238</b>萬,3,Benz E400 T P20跟車系統 多光束頭燈 抬頭顯示器 360環景,2021-06-28 16:31:18,<font>2小時內更新</font>,1.0,441,https://p1.8891.com.tw/2021/06/28/1624869010900403_220_165.jpg,https://p1.8891.com.tw/2021/06/28/1624869010900403_300_225.jpg,52,,441.0,E-Class Estate,E-Class Estate,E400,20.0,0.0,1.0,1.0,1.0,1.0,2.0,0.0,0.0,0.0,0.0,桃園市,手自排,2018,False,False,,[],0.0,[],0.0,0.0,1.0,1.0,3.0,0.0,0.0,黑色,4WD,汽油,5門,5座,未領牌,0,弘達國際桃園店,弘達國際桃園店,桃園市桃園區文中路491號,1,1,1,1,1,1,1,1,1,1,1,1,1,0,1,1,1,1,1,1
52,2796210,702837,Mercedes-Benz,27,2.0L,<b>2019</b>年,<b>2.5</b>萬km,0.0,<b>電洽</b>,3,Sam國際車庫 柏林之音 全景天窗 盲點 雙液晶 記憶座椅 倒車顯示,2021-06-20 18:19:13,<font>2小時內更新</font>,,174,https://p1.8891.com.tw/2021/06/20/1624183860877339_220_165.jpg,https://p1.8891.com.tw/2021/06/20/1624183860877339_300_225.jpg,53,,174.0,CLA,CLA,CLA250,20.0,0.0,1.0,0.0,1.0,0.0,0.0,0.0,0.0,0.0,0.0,新竹縣,自手排,2020,False,False,,[],0.0,[],0.0,0.0,1.0,1.0,3.0,0.0,0.0,黑色,2WD,汽油,4門,5座,未領牌,0,尤先生,車商賣家,新竹縣竹北市,1,1,1,1,1,1,1,1,1,1,1,1,1,0,1,0,1,1,1,1
53,2791405,659261,Porsche,35,3.0L,<b>2016</b>年,<b>4.5</b>萬km,195.0,<b>195</b>萬,3,Porsche Macan s 2017款 3.0L 總代一手車,2021-06-16 10:12:44,<font>2小時內更新</font>,,822,https://p1.8891.com.tw/2021/06/15/1623759679573877_220_165.jpg,https://p1.8891.com.tw/2021/06/15/1623759679573877_300_225.jpg,54,,822.0,Macan S,Macan S,,8.0,0.0,1.0,0.0,1.0,0.0,0.0,0.0,0.0,0.0,0.0,台中市,手自排,2017,False,False,,[],0.0,[],0.0,0.0,1.0,1.0,3.0,0.0,0.0,白色,4WD,汽油,4門,5座,2016年11月領牌,0,歐先生,個人賣家,台中市西屯區,1,0,1,0,0,0,0,1,1,1,0,1,0,0,0,0,0,0,0,1
54,2757721,325129,Mercedes-Benz,27,2.0L,<b>2020</b>年,<b>1300</b>km,240.0,<b>240</b>萬,3,2021款 M_BENZ GLA250 AMG 23P 通風座椅 規格滿滿滿,2021-05-11 20:34:59,<font>2小時內更新</font>,,849,https://p2.8891.com.tw/2021/05/11/1620736490068196_220_165.jpg,https://p2.8891.com.tw/2021/05/11/1620736490068196_300_225.jpg,55,,849.0,GLA,GLA,GLA250,6.0,0.0,1.0,0.0,1.0,0.0,0.0,0.0,0.0,0.0,0.0,桃園市,自排,2021,False,False,,[],0.0,[],7914.0,0.0,1.0,1.0,3.0,0.0,0.0,黑色,4WD,汽油,5門,5座,未領牌,0,阿信好車報報,阿信好車報報,桃園市桃園區大興西路3段790號,1,1,1,1,1,1,1,1,1,1,1,1,1,1,1,1,1,1,1,1
55,2783905,19357,Toyota,46,1.6L,<b>1990</b>年前,<b>15.0</b>萬km,35.0,<b>35.0</b>萬,3,自售 日本原裝進口 豐田TOYOTA Hiace 古董海力士 （當年只進10台）,2021-06-08 11:34:01,<font>2小時內更新</font>,,"<span class=""Red"">1610</span>",https://p1.8891.com.tw/2021/06/08/1623127373108785_220_165.jpg,https://p1.8891.com.tw/2021/06/08/1623127373108785_300_225.jpg,56,,1610.0,Hiace,Hiace,,15.0,0.0,1.0,0.0,1.0,0.0,0.0,0.0,0.0,0.0,0.0,新北市,手排,1990年以前,False,False,,[],0.0,[],0.0,0.0,1.0,1.0,3.0,0.0,0.0,白色,2WD,汽油,5門,9座,1981年01月領牌,0,林先生,個人賣家,新北市新店區,0,0,0,0,0,0,0,0,0,0,0,0,0,0,0,1,0,0,0,1
56,2794067,136809,Ford,15,2.0L,<b>2017</b>年,<b>9.0</b>萬km,55.0,<b>55</b>萬,3,★豬豬人中古車-德泉汽車★17年 Focus 柴油/RS包★中部第一實價車商★,2021-06-18 14:04:34,<font>2小時內更新</font>,,854,https://p1.8891.com.tw/2021/03/10/1615348543399211_220_165.jpg,https://p1.8891.com.tw/2021/03/10/1615348543399211_300_225.jpg,57,,854.0,Focus,Focus,,15.0,0.0,1.0,0.0,1.0,0.0,0.0,0.0,0.0,0.0,0.0,台中市,自手排,2017,False,False,,[],0.0,[],0.0,0.0,1.0,1.0,3.0,0.0,0.0,灰色,2WD,柴油,5門,5座,2017年02月領牌,0,豬豬人中古車德泉汽車,豬豬人中古車德泉汽車,台中市東區旱溪西路一段540號,1,1,1,0,1,1,1,1,1,1,1,0,1,1,1,1,0,0,0,1
57,2791219,690206,Subaru,43,2.0L,<b>2020</b>年,<b>3.0</b>萬km,88.0,<b>88</b>萬,3,自售SUBARU XV  2020出廠 頂級2.0i-S ES 手自排,2021-06-15 18:28:24,<font>2小時內更新</font>,,"<span class=""Red"">1217</span>",https://p2.8891.com.tw/2021/06/15/1623750386777836_220_165.jpg,https://p2.8891.com.tw/2021/06/15/1623750386777836_300_225.jpg,58,,1217.0,XV,XV,,7.0,0.0,1.0,0.0,1.0,0.0,0.0,0.0,0.0,0.0,0.0,桃園市,手自排,2020,False,False,,[],0.0,[],0.0,0.0,1.0,1.0,3.0,0.0,0.0,其他(水藍),4WD,汽油,5門,5座,2020年02月領牌,0,郭先生,個人賣家,桃園市桃園區,1,1,1,1,1,1,1,1,1,1,1,1,1,1,1,1,1,0,1,1
58,2796223,130386,Bentley,5,4.0L,<b>2016</b>年,<b>5.5</b>萬km,0.0,<b>電洽</b>,3,宏霖 2016 Bentley Flying spur 4.0 V8~總代理~,2021-06-20 18:28:47,<font>2小時內更新</font>,,505,https://p2.8891.com.tw/2021/06/20/1624184734377266_220_165.jpg,https://p2.8891.com.tw/2021/06/20/1624184734377266_300_225.jpg,59,,505.0,Flying Spur,Flying Spur,,20.0,1.0,1.0,0.0,1.0,0.0,0.0,0.0,0.0,0.0,0.0,台北市,手自排,2016,False,False,,[],0.0,[],0.0,0.0,1.0,1.0,3.0,0.0,0.0,黑色,4WD,汽油,4門,5座,未領牌,0,宏霖汽車有限公司,宏霖汽車有限公司,台北市內湖區內湖路一段126-1號,1,1,1,1,1,1,1,1,1,1,1,1,1,0,1,1,1,0,0,1
59,2794326,211362,Toyota,46,2.0L,<b>2016</b>年,<b>8.9</b>萬km,49.5,<b>49.5</b>萬,3,基隆通運汽車2016 CAMRY 2.0認證車 原版件 舒適家庭房車 可全額貸款,2021-06-18 16:39:28,<font>2小時內更新</font>,,291,https://p2.8891.com.tw/2021/06/11/1623419343580816_220_165.jpg,https://p2.8891.com.tw/2021/06/11/1623419343580816_300_225.jpg,60,,291.0,Camry,Camry,,11.0,1.0,1.0,0.0,1.0,0.0,0.0,0.0,0.0,1.0,0.0,基隆市,自手排,2016,False,False,,[],0.0,[],0.0,0.0,1.0,1.0,3.0,0.0,0.0,灰色,2WD,汽油,4門,5座,2016年01月領牌,1,8891嚴選通運汽車,8891嚴選通運汽車,基隆市暖暖區八堵路193號,0,1,1,0,0,1,1,1,1,1,0,1,0,0,1,1,1,0,0,1
60,2806013,130386,BMW,6,1.5L,<b>2018</b>年,<b>2.0</b>萬km,103.8,<b>103.8</b>萬,3,宏霖 2018 BMW 318i~總代理~5AS~里程少~,2021-06-30 15:38:59,<font>2小時內更新</font>,1.0,264,https://p2.8891.com.tw/2021/06/30/1625038452249368_220_165.jpg,https://p2.8891.com.tw/2021/06/30/1625038452249368_300_225.jpg,61,,264.0,3-Series Sedan,3-Series Sedan,318i,19.0,0.0,1.0,1.0,1.0,1.0,2.0,0.0,0.0,0.0,0.0,台北市,手自排,2018,False,False,,[],0.0,[],0.0,0.0,1.0,1.0,3.0,0.0,0.0,藍色,2WD,汽油,4門,5座,未領牌,0,宏霖汽車有限公司,宏霖汽車有限公司,台北市內湖區內湖路一段126-1號,1,1,1,1,1,1,1,1,1,1,1,1,1,1,1,1,1,0,0,1
61,2809643,130386,Volvo,48,2.0L,<b>2019</b>年,<b>2.0</b>萬km,142.8,<b>142.8</b>萬,3,宏霖 2020 VOLVO V60~保證有實車~,2021-07-03 23:31:11,<font>2小時內更新</font>,1.0,137,https://p1.8891.com.tw/2021/07/03/1625326124125283_220_165.jpg,https://p1.8891.com.tw/2021/07/03/1625326124125283_300_225.jpg,62,,137.0,V60,V60,,19.0,0.0,1.0,0.0,1.0,1.0,2.0,0.0,0.0,0.0,0.0,台北市,手自排,2020,False,False,,[],0.0,[],0.0,0.0,1.0,1.0,3.0,0.0,0.0,黑色,2WD,汽油,5門,5座,未領牌,0,宏霖汽車有限公司,宏霖汽車有限公司,台北市內湖區內湖路一段126-1號,1,1,1,1,1,1,1,1,1,1,1,1,1,1,1,1,1,1,0,1
62,2802130,551941,Lexus,24,2.0L,<b>2018</b>年,<b>2.0</b>萬km,148.8,<b>148.8</b>萬,3,實車實價 RX300頂級款 保證里程兩萬公里,2021-06-26 13:58:47,<font>2小時內更新</font>,,"<span class=""Red"">1135</span>",https://p2.8891.com.tw/2021/06/26/1624686742737832_220_165.jpg,https://p2.8891.com.tw/2021/06/26/1624686742737832_300_225.jpg,63,,1135.0,RX,RX,,18.0,0.0,1.0,0.0,1.0,0.0,1.0,0.0,0.0,0.0,0.0,桃園市,自排,2019,False,False,,[],0.0,[],0.0,0.0,1.0,1.0,3.0,0.0,0.0,棕色,2WD,汽油,5門,5座,2018年09月領牌,0,亨利中古車專賣,亨利中古車專賣,桃園市桃園區大興西路三段782-2號,1,1,1,1,1,1,1,1,1,1,1,1,1,1,1,1,1,1,1,1
63,2786334,246327,Toyota,46,1.5L,<b>2009</b>年,<b>10.0</b>萬km,13.8,<b>13.8</b>萬,3,2009年 VIOS,2021-06-10 13:20:49,<font>2小時內更新</font>,,349,https://p1.8891.com.tw/2021/06/10/1623301497751093_220_165.jpg,https://p1.8891.com.tw/2021/06/10/1623301497751093_300_225.jpg,64,,349.0,Vios,Vios,,9.0,0.0,1.0,0.0,1.0,0.0,0.0,0.0,0.0,0.0,0.0,新北市,自排,2009,False,False,,[],0.0,[],0.0,0.0,1.0,1.0,3.0,0.0,0.0,白色,2WD,汽油,4門,5座,2009年10月領牌,0,楊先生,車商賣家,新北市新店區安康路2段287號,0,0,1,0,0,0,1,1,1,0,0,0,0,0,0,1,0,0,0,1
64,2767961,688801,Mercedes-Benz,27,2.0L,<b>2019</b>年,<b>5421</b>km,179.8,<b>179.8</b>萬,3,【滿吉國際】C300 天窗 免鑰匙 盲點偵測 電熱椅 倒車顯影 僅跑五千,2021-05-21 19:49:34,<font>2小時內更新</font>,,"<span class=""Red"">1628</span>",https://p1.8891.com.tw/2021/06/02/1622625930062811_220_165.jpg,https://p1.8891.com.tw/2021/06/02/1622625930062811_300_225.jpg,65,,1628.0,C-Class Sedan,C-Class Sedan,C300,15.0,1.0,1.0,1.0,1.0,0.0,0.0,0.0,0.0,0.0,0.0,新北市,手自排,2019,False,False,,[],0.0,[],0.0,0.0,1.0,1.0,3.0,0.0,0.0,白色,2WD,汽油,4門,5座,未領牌,0,滿吉國際股份有限公司,滿吉國際股份有限公司,新北市新店區中興路二段196號,1,1,1,1,1,1,1,1,1,1,1,1,1,1,1,0,1,1,1,1
65,2768034,688801,Toyota,46,2.5L,<b>2021</b>年,<b>171</b>km,253.8,<b>253.8</b>萬,3,【滿吉國際】LTD 限量版七人座 自動跟車系統 舒適座椅 天窗 盲點,2021-05-21 19:52:17,<font>2小時內更新</font>,,"<span class=""Red"">2512</span>",https://p2.8891.com.tw/2021/05/21/1621593703405412_220_165.jpg,https://p2.8891.com.tw/2021/05/21/1621593703405412_300_225.jpg,66,,2512.0,Sienna,Sienna,,12.0,0.0,1.0,1.0,1.0,0.0,0.0,0.0,0.0,0.0,0.0,新北市,手自排,2021,False,False,,[],0.0,[],0.0,0.0,1.0,1.0,3.0,0.0,0.0,黑色,2WD,油電複合,5門,7座,未領牌,0,滿吉國際股份有限公司,滿吉國際股份有限公司,新北市新店區中興路二段196號,1,1,1,1,1,1,1,1,1,1,1,1,1,1,1,1,1,0,1,1
66,2767844,688801,BMW,6,3.0L,<b>2017</b>年,<b>5.6</b>萬km,288.8,<b>288.8</b>萬,3,【滿吉國際】Competition競技版 x 左3右6 x 陶瓷煞車 x H/K,2021-05-21 19:47:50,<font>2小時內更新</font>,,"<span class=""Red"">3748</span>",https://p1.8891.com.tw/2021/05/23/1621749945830889_220_165.jpg,https://p1.8891.com.tw/2021/05/23/1621749945830889_300_225.jpg,67,,3748.0,M4,M4,Coupe,8.0,1.0,1.0,1.0,1.0,0.0,0.0,1.0,256.0,0.0,0.0,新北市,手自排,2017,False,False,https://video.8891.com.tw/warehouse/car-video/688801/transcode/202106171200000103_480p.mp4,[],0.0,[],0.0,0.0,1.0,1.0,3.0,0.0,0.0,白色,2WD,汽油,2門,4座,未領牌,1,滿吉國際股份有限公司,滿吉國際股份有限公司,新北市新店區中興路二段196號,1,1,1,1,1,1,1,1,1,1,1,1,1,0,1,1,1,1,0,1
67,2768037,688801,Toyota,46,2.5L,<b>2021</b>年,<b>152</b>km,195.8,<b>195.8</b>萬,3,【滿吉國際】 LE 菁英版 八人座 ACC跟車系統 盲點 倒車安全與舒適內外兼備,2021-05-21 19:54:04,<font>2小時內更新</font>,,"<span class=""Red"">2449</span>",https://p2.8891.com.tw/2021/06/24/1624526149602086_220_165.jpg,https://p2.8891.com.tw/2021/06/24/1624526149602086_300_225.jpg,68,,2449.0,Sienna,Sienna,,20.0,1.0,1.0,1.0,1.0,0.0,0.0,0.0,0.0,0.0,0.0,新北市,手自排,2021,False,False,,[],0.0,[],0.0,0.0,1.0,1.0,3.0,0.0,0.0,白色,2WD,油電複合,5門,5座,未領牌,0,滿吉國際股份有限公司,滿吉國際股份有限公司,新北市新店區中興路二段196號,1,1,1,1,1,1,1,1,1,1,1,1,1,1,1,1,1,0,0,0
68,2767988,688801,Toyota,46,2.5L,<b>2021</b>年,<b>138</b>km,195.8,<b>195.8</b>萬,3,【滿吉國際】LE 菁英版 八人座 ACC跟車系統 盲點 倒車顯影 熱門車款,2021-05-21 19:50:56,<font>2小時內更新</font>,,"<span class=""Red"">2124</span>",https://p2.8891.com.tw/2021/06/24/1624526281412384_220_165.jpg,https://p2.8891.com.tw/2021/06/24/1624526281412384_300_225.jpg,69,,2124.0,Sienna,Sienna,,20.0,1.0,1.0,1.0,1.0,0.0,0.0,0.0,0.0,0.0,0.0,新北市,手自排,2021,False,False,,[],0.0,[],0.0,0.0,1.0,1.0,3.0,0.0,0.0,白色,2WD,油電複合,5門,8座,未領牌,0,滿吉國際股份有限公司,滿吉國際股份有限公司,新北市新店區中興路二段196號,1,1,1,1,1,1,1,1,1,1,1,1,1,1,1,1,1,0,0,0
69,2791747,707665,Porsche,35,2.0L,<b>2020</b>年,<b>3700</b>km,0.0,<b>電洽</b>,3,永業總代理 718 CAYMAN 邁阿密藍，19吋，跑計，跑排，Car Play,2021-06-16 11:53:06,<font>2小時內更新</font>,,897,https://p1.8891.com.tw/2021/06/16/1623815134337663_220_165.jpg,https://p1.8891.com.tw/2021/06/16/1623815134337663_300_225.jpg,70,,897.0,718 Cayman,718 Cayman,,15.0,0.0,1.0,0.0,1.0,0.0,0.0,0.0,0.0,0.0,0.0,台北市,自手排,2020,False,False,,[],0.0,[],0.0,0.0,1.0,1.0,3.0,0.0,0.0,藍色,2WD,汽油,2門,2座,2020年08月領牌,0,許先生,代理人賣家,台北市中山區,1,1,1,1,1,1,1,0,1,1,1,0,1,0,1,1,1,0,0,1
70,2809240,312221,Mazda,29,2.0L,<b>2010</b>年,<b>8.5</b>萬km,20.5,<b>20.5</b>萬,3,17吋DG鋁圈輕量化 里程保證 0元頭期款 可全額貸款 信用空白瑕疵皆可辦理,2021-07-03 16:39:23,<font>2小時內更新</font>,1.0,50,https://p2.8891.com.tw/2021/07/03/1625301113561772_220_165.jpg,https://p2.8891.com.tw/2021/07/03/1625301113561772_300_225.jpg,71,,50.0,3,3,,16.0,0.0,1.0,0.0,1.0,1.0,0.0,0.0,0.0,0.0,0.0,台中市,手自排,2011,False,False,,[],0.0,[],0.0,0.0,1.0,1.0,3.0,0.0,0.0,黑色,2WD,汽油,4門,5座,2010年01月領牌,0,三民汽車,三民汽車,台中市北區三民路三段373號,0,1,1,0,1,1,1,0,1,1,0,0,0,0,1,1,0,0,0,1
71,2806775,312221,Mercedes-Benz,27,2.0L,<b>2014</b>年,<b>10.6</b>萬km,100.8,<b>100.8</b>萬,3,AMG空力套件&amp;內裝套件 AMG卡鉗 VEEMANN19吋鋁圈 可全額貸款,2021-07-01 12:10:39,<font>2小時內更新</font>,1.0,413,https://p2.8891.com.tw/2021/07/01/1625112007768174_220_165.jpg,https://p2.8891.com.tw/2021/07/01/1625112007768174_300_225.jpg,72,,413.0,C-Class Sedan,C-Class Sedan,AMG C250,20.0,0.0,1.0,0.0,1.0,1.0,0.0,0.0,0.0,0.0,0.0,台中市,手自排,2015,False,False,,[],0.0,[],0.0,0.0,1.0,1.0,3.0,0.0,0.0,白色,2WD,汽油,4門,5座,2015年06月領牌,0,三民汽車,三民汽車,台中市北區三民路三段373號,1,1,1,1,1,1,1,1,1,1,1,1,1,1,1,1,1,1,1,1
72,2802864,312221,Volkswagen,47,2.0L,<b>2017</b>年,<b>5.9</b>萬km,95.8,<b>95.8</b>萬,3,GTI 7.5代 原廠保固中 全新VVS閥門排氣管 里程保證 可全額貸款,2021-06-27 13:04:05,<font>2小時內更新</font>,,"<span class=""Red"">1022</span>",https://p2.8891.com.tw/2021/06/27/1624770226935866_220_165.jpg,https://p2.8891.com.tw/2021/06/27/1624770226935866_300_225.jpg,73,,1022.0,Golf GTI,Golf GTI,,16.0,0.0,1.0,0.0,1.0,0.0,0.0,0.0,0.0,0.0,0.0,台中市,手自排,2018,False,False,,[],0.0,[],0.0,0.0,1.0,1.0,3.0,0.0,0.0,白色,2WD,汽油,5門,5座,2017年09月領牌,0,三民汽車,三民汽車,台中市北區三民路三段373號,1,1,1,1,1,1,1,1,1,1,1,1,1,1,1,1,1,0,1,1
73,2767963,688801,Mercedes-Benz,27,3.0L,<b>2018</b>年,<b>4.9</b>萬km,278.8,<b>278.8</b>萬,3,【滿吉國際】AMG E43 珍珠白 P20 &amp; P3套件 天窗 多光束頭燈 柏林,2021-05-21 19:49:14,<font>2小時內更新</font>,,"<span class=""Red"">4754</span>",https://p1.8891.com.tw/2021/05/26/1622021477659545_220_165.jpg,https://p1.8891.com.tw/2021/05/26/1622021477659545_300_225.jpg,74,,4754.0,E-Class Sedan,E-Class Sedan,AMG E43,15.0,1.0,1.0,1.0,1.0,0.0,0.0,0.0,0.0,0.0,0.0,新北市,手自排,2018,False,False,,[],0.0,[],7487.0,0.0,1.0,1.0,3.0,0.0,0.0,白色,4WD,汽油,4門,5座,未領牌,0,滿吉國際股份有限公司,滿吉國際股份有限公司,新北市新店區中興路二段196號,1,1,1,1,1,1,1,1,1,1,1,1,1,1,1,1,1,1,1,1
74,2785399,312221,Honda,16,1.8L,<b>2011</b>年,<b>11.3</b>萬km,26.5,<b>26.5</b>萬,3,RR空力套件 里程保證  0元頭期款 可全額貸款 超額貸款 信用空白瑕疵皆可,2021-06-09 14:43:24,<font>2小時內更新</font>,,956,https://p2.8891.com.tw/2021/06/09/1623220947776380_220_165.jpg,https://p2.8891.com.tw/2021/06/09/1623220947776380_300_225.jpg,75,,956.0,Civic,Civic,,18.0,0.0,1.0,0.0,1.0,0.0,0.0,0.0,0.0,0.0,0.0,台中市,手自排,2012,False,False,,[],0.0,[],0.0,0.0,1.0,1.0,3.0,0.0,0.0,灰色,2WD,汽油,4門,5座,2011年03月領牌,0,三民汽車,三民汽車,台中市北區三民路三段373號,0,1,1,0,0,1,1,1,1,1,0,0,1,1,0,1,1,0,0,1
75,2768062,688801,Toyota,46,2.5L,<b>2021</b>年,<b>133</b>km,258.8,<b>258.8</b>萬,3,【滿吉國際】LTD 限量版 七人座  自動跟車系統 盲點 後座影音套件,2021-05-21 19:54:49,<font>2小時內更新</font>,,"<span class=""Red"">2750</span>",https://p1.8891.com.tw/2021/05/21/1621594396592325_220_165.jpg,https://p1.8891.com.tw/2021/05/21/1621594396592325_300_225.jpg,76,,2750.0,Sienna,Sienna,,15.0,0.0,1.0,1.0,1.0,0.0,0.0,0.0,0.0,0.0,0.0,新北市,手自排,2021,False,False,,[],0.0,[],0.0,0.0,1.0,1.0,3.0,0.0,0.0,白色,2WD,油電複合,5門,7座,未領牌,0,滿吉國際股份有限公司,滿吉國際股份有限公司,新北市新店區中興路二段196號,1,1,1,1,1,1,1,1,1,1,1,1,1,1,1,1,1,0,0,1
76,2767942,688801,Mercedes-Benz,27,2.0L,<b>2018</b>年,<b>3.4</b>萬km,190.8,<b>190.8</b>萬,3,【滿吉國際】E300 AMG 夜色套件 全景 盲點 倒顯 頂級 最佳房車,2021-05-21 19:49:47,<font>2小時內更新</font>,,"<span class=""Red"">2866</span>",https://p2.8891.com.tw/2021/05/31/1/1622429268329846_220_165.jpg,https://p2.8891.com.tw/2021/05/31/1/1622429268329846_300_225.jpg,77,,2866.0,E-Class Sedan,E-Class Sedan,E300,12.0,1.0,1.0,1.0,1.0,0.0,0.0,0.0,0.0,0.0,0.0,新北市,手自排,2018,False,False,,[],0.0,[],0.0,0.0,1.0,1.0,3.0,0.0,0.0,黑色,2WD,汽油,4門,5座,未領牌,0,滿吉國際股份有限公司,滿吉國際股份有限公司,新北市新店區中興路二段196號,1,1,1,1,1,1,1,1,1,1,1,1,1,1,1,1,1,1,1,1
77,2768059,688801,Toyota,46,2.5L,<b>2021</b>年,<b>154</b>km,258.8,<b>258.8</b>萬,3,【滿吉國際】LTD 科技灰 限量版七人座 ACC 豪華座艙 影音套件,2021-05-21 19:55:00,<font>2小時內更新</font>,,"<span class=""Red"">2496</span>",https://p1.8891.com.tw/2021/05/21/1621594242427977_220_165.jpg,https://p1.8891.com.tw/2021/05/21/1621594242427977_300_225.jpg,78,,2496.0,Sienna,Sienna,,12.0,0.0,1.0,1.0,1.0,0.0,0.0,0.0,0.0,0.0,0.0,新北市,手自排,2021,False,False,,[],0.0,[],0.0,0.0,1.0,1.0,3.0,0.0,0.0,灰色,2WD,油電複合,5門,7座,未領牌,0,滿吉國際股份有限公司,滿吉國際股份有限公司,新北市新店區中興路二段196號,1,1,1,1,1,1,1,1,1,1,1,1,1,1,1,1,1,0,1,1
78,2768020,688801,Toyota,46,2.5L,<b>2021</b>年,<b>133</b>km,195.8,<b>195.8</b>萬,3,【滿吉國際】LE 菁英版 八人座 自動跟車系統 盲點 安全與舒適內外兼備,2021-05-21 19:52:02,<font>2小時內更新</font>,,"<span class=""Red"">2373</span>",https://p1.8891.com.tw/2021/06/24/1624526230868169_220_165.jpg,https://p1.8891.com.tw/2021/06/24/1624526230868169_300_225.jpg,79,,2373.0,Sienna,Sienna,,20.0,0.0,1.0,1.0,1.0,0.0,0.0,0.0,0.0,0.0,0.0,新北市,手自排,2021,False,False,,[],0.0,[],0.0,0.0,1.0,1.0,3.0,0.0,0.0,白色,2WD,油電複合,5門,8座,未領牌,0,滿吉國際股份有限公司,滿吉國際股份有限公司,新北市新店區中興路二段196號,1,1,1,1,1,1,1,1,1,1,1,1,1,1,1,1,1,0,0,0
79,2794296,175894,Mercedes-Benz,27,6.0L以上,<b>2008</b>年,<b>2.6</b>萬km,0.0,<b>電洽</b>,3,總代理 AMG C63 全台僅此一台絕美車況,2021-06-18 16:27:03,<font>2小時內更新</font>,,653,https://p2.8891.com.tw/2020/11/01/1604221368735446_220_165.jpg,https://p2.8891.com.tw/2020/11/01/1604221368735446_300_225.jpg,80,,653.0,C-Class Sedan,C-Class Sedan,AMG C63,7.0,0.0,1.0,0.0,1.0,0.0,0.0,0.0,0.0,0.0,0.0,台中市,手自排,2008,False,False,,[],0.0,[],0.0,0.0,1.0,1.0,3.0,0.0,0.0,灰色,2WD,汽油,4門,5座,2008年11月領牌,0,王先生,個人賣家,台中市西屯區,1,1,1,0,1,1,1,1,1,1,1,1,1,1,1,1,1,0,1,1
80,2786554,702837,Mercedes-Benz,27,2.0L,<b>2016</b>年,<b>5.1</b>萬km,0.0,<b>電洽</b>,3,Sam國際車庫 柏林之音 夜色套件 冷熱通風 全景 designo內裝,2021-06-10 15:49:02,<font>2小時內更新</font>,,899,https://p2.8891.com.tw/2021/06/10/1623311134903104_220_165.jpg,https://p2.8891.com.tw/2021/06/10/1623311134903104_300_225.jpg,81,,899.0,C-Class Sedan,C-Class Sedan,AMG C300,20.0,1.0,1.0,0.0,1.0,0.0,0.0,0.0,0.0,0.0,0.0,新竹縣,手自排,2016,False,False,,[],0.0,[],0.0,0.0,1.0,1.0,3.0,0.0,0.0,白色,4WD,汽油,4門,5座,未領牌,0,尤先生,車商賣家,新竹縣竹北市,1,1,1,1,1,1,1,1,1,1,1,1,1,0,1,0,1,0,1,1
81,2768051,688801,Toyota,46,2.5L,<b>2021</b>年,<b>131</b>km,258.8,<b>258.8</b>萬,3,【滿吉國際】LTD 限量版 七人座  自動跟車系統 盲點 後座影音套件,2021-05-21 19:54:23,<font>2小時內更新</font>,,"<span class=""Red"">1723</span>",https://p2.8891.com.tw/2021/05/21/1621593990394126_220_165.jpg,https://p2.8891.com.tw/2021/05/21/1621593990394126_300_225.jpg,82,,1723.0,Sienna,Sienna,,14.0,0.0,1.0,1.0,1.0,0.0,0.0,0.0,0.0,0.0,0.0,新北市,手自排,2021,False,False,,[],0.0,[],0.0,0.0,1.0,1.0,3.0,0.0,0.0,白色,2WD,油電複合,5門,7座,未領牌,0,滿吉國際股份有限公司,滿吉國際股份有限公司,新北市新店區中興路二段196號,1,1,1,1,1,1,1,1,1,1,1,1,1,1,1,1,1,0,1,1
82,2792245,688801,Porsche,35,3.0L,<b>2019</b>年,<b>8000</b>km,0.0,<b>電洽</b>,3,【滿吉國際】20年式 Panamera 4 Sport Turismo總代理,2021-06-16 17:00:54,<font>2小時內更新</font>,,"<span class=""Red"">1327</span>",https://p2.8891.com.tw/2021/06/16/1623832103540664_220_165.jpg,https://p2.8891.com.tw/2021/06/16/1623832103540664_300_225.jpg,83,,1327.0,Panamera4 Sport Turismo,Panamera4 Sport Turismo,,20.0,1.0,1.0,1.0,1.0,0.0,0.0,0.0,0.0,0.0,0.0,新北市,自手排,2020,False,False,,[],0.0,[],0.0,0.0,1.0,1.0,3.0,0.0,0.0,其他(金屬墨玉黑),4WD,汽油,5門,5座,2019年07月領牌,0,滿吉國際股份有限公司,滿吉國際股份有限公司,新北市新店區中興路二段196號,1,1,1,1,1,1,1,1,1,1,1,1,1,1,1,1,1,1,1,1
83,2803604,183129,Ford,15,2.0L,<b>2015</b>年,<b>5.5</b>萬km,36.8,<b>36.8</b>萬,3,添二寶換大車,2021-06-28 12:53:35,<font>3小時內更新</font>,1.0,158,https://p2.8891.com.tw/2021/06/28/1624856454320426_220_165.jpg,https://p2.8891.com.tw/2021/06/28/1624856454320426_300_225.jpg,84,,158.0,Focus,Focus,,6.0,0.0,1.0,0.0,1.0,1.0,0.0,0.0,0.0,0.0,0.0,台中市,手自排,2015,False,False,,[],0.0,[],0.0,0.0,1.0,1.0,3.0,0.0,0.0,白色,2WD,汽油,5門,5座,2015年06月領牌,0,吳小姐,個人賣家,台中市西區,0,1,1,0,1,1,1,0,1,1,1,1,0,0,1,1,0,0,1,1
84,2806446,410239,Volkswagen,47,1.4L,<b>2010</b>年,<b>13.0</b>萬km,28.0,<b>28</b>萬,3,ABT一階程式寫入210P,2021-06-30 20:51:06,<font>3小時內更新</font>,1.0,69,https://p1.8891.com.tw/2021/06/30/1625056595293403_220_165.jpg,https://p1.8891.com.tw/2021/06/30/1625056595293403_300_225.jpg,85,,69.0,Golf,Golf,,16.0,0.0,1.0,0.0,1.0,1.0,0.0,0.0,0.0,0.0,0.0,台北市,自手排,2010,False,False,,[],0.0,[],0.0,0.0,1.0,1.0,3.0,0.0,0.0,白色,2WD,汽油,5門,5座,2010年03月領牌,0,廖先生,個人賣家,台北市文山區,1,1,1,0,1,1,1,1,1,1,1,0,0,0,0,1,0,0,0,1
85,2746631,288370,Mercedes-Benz,27,1.8L,<b>2008</b>年,<b>9.0</b>萬km,58.0,<b>58</b>萬,3,總代理 低里程  多功能大螢幕 影音系統 原廠 AMG 18 輪圈,2021-05-01 14:25:04,<font>3小時內更新</font>,,"<span class=""Red"">1189</span>",https://p2.8891.com.tw/2021/05/01/1619850082546116_220_165.jpg,https://p2.8891.com.tw/2021/05/01/1619850082546116_300_225.jpg,86,,1189.0,C-Class Estate,C-Class Estate,C200,20.0,1.0,1.0,0.0,1.0,0.0,0.0,0.0,0.0,0.0,0.0,新北市,手自排,2009,False,False,,[],0.0,[],0.0,0.0,1.0,1.0,3.0,0.0,0.0,黑色,2WD,汽油,5門,5座,2009年04月領牌,0,贊美國際汽車,贊美國際汽車,新北市汐止區大同路二段663號 (正對面 鐵路高架下 ).,1,1,1,0,1,1,1,1,1,1,1,0,1,1,1,1,1,0,0,1
86,2807831,158163,Toyota,46,1.8L,<b>2018</b>年,<b>3.8</b>萬km,60.8,<b>60.8</b>萬,3,自售女用車CorollaAltis豪華版ikey原廠觸控影音及五年保固,2021-07-02 11:59:51,<font>3小時內更新</font>,1.0,40,https://p1.8891.com.tw/2021/03/31/1617192395161169_220_165.jpg,https://p1.8891.com.tw/2021/03/31/1617192395161169_300_225.jpg,87,,40.0,Corolla Altis,Corolla Altis,,16.0,0.0,1.0,0.0,1.0,1.0,0.0,0.0,0.0,0.0,0.0,桃園市,自排,2018,False,False,,[],0.0,[],0.0,0.0,1.0,1.0,3.0,0.0,0.0,白色,2WD,汽油,4門,5座,2018年10月領牌,0,陳小姐,個人賣家,桃園市桃園區,1,1,1,1,1,1,1,1,1,1,1,1,1,1,1,1,1,0,0,1
87,2734575,48001,Toyota,46,1.5L,<b>2017</b>年,<b>11.0</b>萬km,33.8,<b>33.8</b>萬,3,~實車實價【泰洋】聯盟五大保固 一手車 里程保證 安卓機 認證車 零頭款 可全貸,2021-04-19 13:34:46,<font>3小時內更新</font>,,691,https://p1.8891.com.tw/2021/04/19/1618810437470711_220_165.jpg,https://p1.8891.com.tw/2021/04/19/1618810437470711_300_225.jpg,88,,691.0,Vios,Vios,,20.0,1.0,1.0,0.0,1.0,0.0,0.0,1.0,256.0,0.0,0.0,台中市,手自排,2017,False,False,,[],0.0,[],0.0,0.0,1.0,1.0,3.0,0.0,0.0,白色,未填寫,汽油,4門,5座,2017年09月領牌,1,泰洋汽車,泰洋汽車,台中市大甲區經國路2185號,1,1,1,0,1,1,1,0,1,0,0,0,1,1,0,1,0,0,0,1
88,2753266,48001,Toyota,46,1.8L,<b>2014</b>年,<b>11.7</b>萬km,33.8,<b>33.8</b>萬,3,~實車在店【泰洋】聯盟保固 改大包 避震 卡鉗 安卓機 認證車 零頭款 可全貸,2021-05-07 16:25:09,<font>3小時內更新</font>,,"<span class=""Red"">3047</span>",https://p1.8891.com.tw/2021/05/07/1620375646745637_220_165.jpg,https://p1.8891.com.tw/2021/05/07/1620375646745637_300_225.jpg,89,,3047.0,Corolla Altis,Corolla Altis,,17.0,1.0,1.0,0.0,1.0,0.0,0.0,1.0,256.0,0.0,0.0,台中市,手自排,2014,False,False,,[],0.0,[],0.0,0.0,1.0,1.0,3.0,0.0,0.0,白色,未填寫,汽油,4門,5座,2014年12月領牌,1,泰洋汽車,泰洋汽車,台中市大甲區經國路2185號,1,1,1,0,0,1,0,1,1,1,1,1,1,1,1,1,1,0,0,1
89,2791411,26312,Mercedes-Benz,27,3.5L,<b>2012</b>年,<b>4.5</b>萬km,0.0,<b>電洽</b>,3,SLK350總代理.Sky天窗.電視.導航.倒車顥影.電熱椅.頸部暖氣.台中上豪,2021-06-15 20:37:22,<font>3小時內更新</font>,,351,https://p1.8891.com.tw/2019/03/21/2/1553154444574647_220_165.jpg,https://p1.8891.com.tw/2019/03/21/2/1553154444574647_300_225.jpg,90,,351.0,SLK,SLK,SLK350,20.0,0.0,1.0,0.0,1.0,0.0,0.0,0.0,0.0,0.0,0.0,台中市,手自排,2012,False,False,,[],0.0,[],0.0,0.0,1.0,1.0,3.0,0.0,0.0,黑色,2WD,汽油,2門,2座,2012年08月領牌,0,台中上豪汽車,台中上豪汽車,台中市南屯區五權西路2段1229號,1,0,1,0,1,1,1,0,1,1,1,0,1,0,1,1,1,0,1,1
90,2784402,26312,BMW,6,3.0L,<b>2016</b>年,<b>9.3</b>萬km,0.0,<b>電洽</b>,3,740LI 17年式總代理認證.腳踢尾門.HUD.數位KEY.手勢控制.台中上豪,2021-06-08 16:11:40,<font>3小時內更新</font>,,581,https://p2.8891.com.tw/2020/12/23/1608737677180172_220_165.jpg,https://p2.8891.com.tw/2020/12/23/1608737677180172_300_225.jpg,91,,581.0,7-Series,7-Series,740Li,20.0,0.0,1.0,0.0,1.0,0.0,0.0,0.0,0.0,0.0,0.0,台中市,手自排,2017,False,False,,[],0.0,[],0.0,0.0,1.0,1.0,3.0,0.0,0.0,黑色,2WD,汽油,4門,5座,2016年10月領牌,0,台中上豪汽車,台中上豪汽車,台中市南屯區五權西路2段1229號,1,1,1,1,1,1,1,1,1,1,1,0,1,1,1,1,1,0,1,1
91,2784389,26312,Lexus,24,5.0L,<b>2009</b>年,<b>11.0</b>萬km,0.0,<b>電洽</b>,3,2010年式LS600HL總代理認證企業老闆節稅車4WD冷熱通風椅.台中上豪,2021-06-15 09:10:04,<font>3小時內更新</font>,,364,https://p2.8891.com.tw/2020/08/24/1598250064661818_220_165.jpg,https://p2.8891.com.tw/2020/08/24/1598250064661818_300_225.jpg,92,,364.0,LS,LS,,20.0,0.0,1.0,0.0,1.0,0.0,0.0,0.0,0.0,0.0,0.0,台中市,手自排,2010,False,False,,[],0.0,[],0.0,0.0,1.0,1.0,3.0,0.0,0.0,黑色,4WD,油電複合,4門,5座,2009年10月領牌,0,台中上豪汽車,台中上豪汽車,台中市南屯區五權西路2段1229號,1,1,1,1,1,1,1,1,1,1,1,0,1,1,1,1,1,0,1,1
92,2805430,26312,Lexus,24,4.6L,<b>2013</b>年,<b>9.4</b>萬km,0.0,<b>電洽</b>,3,LS460L 後座影音.雙色內裝.冷熱通風椅.導航.天窗.倒車影像.台中上豪,2021-06-30 09:00:22,<font>3小時內更新</font>,1.0,107,https://p2.8891.com.tw/2021/06/30/1625014169651692_220_165.jpg,https://p2.8891.com.tw/2021/06/30/1625014169651692_300_225.jpg,93,,107.0,LS,LS,,20.0,0.0,1.0,0.0,1.0,1.0,0.0,0.0,0.0,0.0,0.0,台中市,手自排,2013,False,False,https://video.8891.com.tw/warehouse/car-video/26312/transcode/202106300846345529_480p.mp4,[],0.0,[],0.0,0.0,1.0,1.0,3.0,0.0,0.0,黑色,2WD,汽油,4門,5座,2013年05月領牌,0,台中上豪汽車,台中上豪汽車,台中市南屯區五權西路2段1229號,1,0,1,1,1,1,1,1,1,1,1,0,1,1,1,1,1,0,1,1
93,2790414,26312,Maserati,28,4.7L,<b>2012</b>年,<b>6.1</b>萬km,0.0,<b>電洽</b>,3,瑪莎拉蒂 GranTurismo S  米內裝. 台中上豪,2021-06-15 09:11:21,<font>3小時內更新</font>,,354,https://p1.8891.com.tw/2021/05/15/1621064525638807_220_165.jpg,https://p1.8891.com.tw/2021/05/15/1621064525638807_300_225.jpg,94,,354.0,GranTurismo Sport,GranTurismo Sport,,20.0,0.0,1.0,0.0,1.0,0.0,0.0,0.0,0.0,0.0,0.0,台中市,手自排,2012,False,False,,[],0.0,[],0.0,0.0,1.0,1.0,3.0,0.0,0.0,藍色,2WD,汽油,2門,4座,2016年09月領牌,0,台中上豪汽車,台中上豪汽車,台中市南屯區五權西路2段1229號,0,0,0,0,0,0,0,0,0,0,0,0,0,0,0,0,0,0,0,0
94,2804362,26312,Bentley,5,6.0L,<b>2006</b>年,<b>6.4</b>萬km,0.0,<b>電洽</b>,3,賓利 CONTINENTAL GT 雙門. 台中上豪,2021-06-28 21:46:56,<font>3小時內更新</font>,1.0,113,https://p1.8891.com.tw/2021/05/28/1622189012851907_220_165.jpg,https://p1.8891.com.tw/2021/05/28/1622189012851907_300_225.jpg,95,,113.0,Continental GT,Continental GT,,16.0,0.0,1.0,0.0,1.0,1.0,0.0,0.0,0.0,0.0,0.0,台中市,手自排,2006,False,False,,[],0.0,[],0.0,0.0,1.0,1.0,3.0,0.0,0.0,黑色,2WD,汽油,2門,4座,2010年03月領牌,0,台中上豪汽車,台中上豪汽車,台中市南屯區五權西路2段1229號,0,0,0,0,0,0,0,0,0,0,0,0,0,0,0,0,0,0,0,0
95,2805426,26312,Lexus,24,3.5L,<b>2017</b>年,<b>5.5</b>萬km,0.0,<b>電洽</b>,3,18式 LS500h 新車保固中. 頂級版.腳踢尾門.HUD.車偏.台中上豪,2021-06-30 08:35:00,<font>3小時內更新</font>,1.0,155,https://p1.8891.com.tw/2021/01/21/1611238641687935_220_165.jpg,https://p1.8891.com.tw/2021/01/21/1611238641687935_300_225.jpg,96,,155.0,LS,LS,,20.0,0.0,1.0,0.0,1.0,1.0,0.0,0.0,0.0,0.0,0.0,台中市,手自排,2018,False,False,,[],0.0,[],0.0,0.0,1.0,1.0,3.0,0.0,0.0,黑色,2WD,油電複合,4門,5座,2018年01月領牌,0,台中上豪汽車,台中上豪汽車,台中市南屯區五權西路2段1229號,1,0,1,1,1,1,1,1,1,1,1,0,1,1,1,1,1,1,1,1
96,2802296,26312,Porsche,35,4.8L,<b>2013</b>年,<b>5.8</b>萬km,0.0,<b>電洽</b>,3,2013年 CAYENNE S 總代理.大馬力.天窗.換檔撥片.台中上豪,2021-06-26 15:59:23,<font>3小時內更新</font>,,96,https://p2.8891.com.tw/2021/03/26/1616720957405400_220_165.jpg,https://p2.8891.com.tw/2021/03/26/1616720957405400_300_225.jpg,97,,96.0,Cayenne S,Cayenne S,,20.0,0.0,1.0,0.0,1.0,0.0,0.0,0.0,0.0,0.0,0.0,台中市,手自排,2013,False,False,,[],0.0,[],0.0,0.0,1.0,1.0,3.0,0.0,0.0,黑色,4WD,汽油,5門,5座,2013年05月領牌,0,台中上豪汽車,台中上豪汽車,台中市南屯區五權西路2段1229號,1,0,1,0,0,1,0,1,1,1,0,0,0,0,0,0,0,0,0,0
97,2802306,26312,Audi,4,3.0L,<b>2015</b>年,<b>12.2</b>萬km,0.0,<b>電洽</b>,3,16年式 Q7 45TDI  大型SUV休旅車  台中上豪,2021-06-26 16:03:15,<font>3小時內更新</font>,,206,https://p1.8891.com.tw/2021/05/21/1621569789430763_220_165.jpg,https://p1.8891.com.tw/2021/05/21/1621569789430763_300_225.jpg,98,,206.0,Q7,Q7,,20.0,0.0,1.0,0.0,1.0,0.0,0.0,0.0,0.0,0.0,0.0,台中市,手自排,2016,False,False,,[],0.0,[],0.0,0.0,1.0,1.0,3.0,0.0,0.0,黑色,4WD,柴油,5門,5座,2015年12月領牌,0,台中上豪汽車,台中上豪汽車,台中市南屯區五權西路2段1229號,0,0,0,0,0,0,0,0,0,0,0,0,0,0,0,0,0,0,0,0
98,2802301,26312,Mercedes-Benz,27,4.7L,<b>2013</b>年,<b>10.9</b>萬km,0.0,<b>電洽</b>,3,GL450 AMG 車偏7座4WD 車距警示 盲點偵測.台中上豪,2021-06-26 16:02:18,<font>3小時內更新</font>,,91,https://p1.8891.com.tw/2018/12/17/2/1545026582148911_220_165.jpg,https://p1.8891.com.tw/2018/12/17/2/1545026582148911_300_225.jpg,99,,91.0,GL-Class,GL-Class,GL450,20.0,0.0,1.0,0.0,1.0,0.0,0.0,0.0,0.0,0.0,0.0,台中市,手自排,2014,False,False,,[],0.0,[],0.0,0.0,1.0,1.0,3.0,0.0,0.0,黑色,4WD,汽油,5門,7座,2014年05月領牌,0,台中上豪汽車,台中上豪汽車,台中市南屯區五權西路2段1229號,1,0,1,1,0,1,1,1,1,1,1,1,1,1,1,1,1,0,1,1
99,2804364,26312,Mercedes-Benz,27,5.5L,<b>2011</b>年,<b>8.2</b>萬km,0.0,<b>電洽</b>,3,S600L designo真皮座椅.後座雙影音.麂皮天蓬.夜視.台中上豪,2021-06-28 21:47:50,<font>3小時內更新</font>,1.0,243,https://p1.8891.com.tw/2021/04/27/1619531053976077_220_165.jpg,https://p1.8891.com.tw/2021/04/27/1619531053976077_300_225.jpg,100,,243.0,S-Class Sedan,S-Class Sedan,S600,20.0,0.0,1.0,0.0,1.0,1.0,0.0,0.0,0.0,0.0,0.0,台中市,手自排,2011,False,False,,[],0.0,[],0.0,0.0,1.0,1.0,3.0,0.0,0.0,其他(深藍色),2WD,汽油,4門,5座,2011年04月領牌,0,台中上豪汽車,台中上豪汽車,台中市南屯區五權西路2段1229號,1,0,1,1,1,1,1,1,1,1,1,0,1,1,1,1,1,0,1,1
100,2784365,26312,BMW,6,4.4L,<b>2011</b>年,<b>3.9</b>萬km,0.0,<b>電洽</b>,3,2012年式 650CI  總代理.抬頭顯示.倒車影像.快撥鍵.台中上豪,2021-06-08 16:01:25,<font>3小時內更新</font>,,729,https://p2.8891.com.tw/2021/05/08/1620446786447006_220_165.jpg,https://p2.8891.com.tw/2021/05/08/1620446786447006_300_225.jpg,101,,729.0,6-Series Coupe,6-Series Coupe,650i,20.0,0.0,1.0,0.0,1.0,0.0,0.0,0.0,0.0,0.0,0.0,台中市,手自排,2012,False,False,,[],0.0,[],0.0,0.0,1.0,1.0,3.0,0.0,0.0,黑色,2WD,汽油,2門,4座,2012年01月領牌,0,台中上豪汽車,台中上豪汽車,台中市南屯區五權西路2段1229號,0,0,0,0,0,0,0,0,0,0,0,0,0,0,0,0,0,0,0,0
101,2802300,26312,Mini,30,1.6L,<b>2013</b>年,<b>3.3</b>萬km,0.0,<b>電洽</b>,3,2014年式 MINI ONE COUNTRYMAN  總代理.低里程.台中上豪,2021-06-26 16:01:41,<font>3小時內更新</font>,,147,https://p1.8891.com.tw/2021/03/22/1616400000450453_220_165.jpg,https://p1.8891.com.tw/2021/03/22/1616400000450453_300_225.jpg,102,,147.0,Countryman,Countryman,,19.0,0.0,1.0,0.0,1.0,0.0,0.0,0.0,0.0,0.0,0.0,台中市,手自排,2014,False,False,,[],0.0,[],0.0,0.0,1.0,1.0,3.0,0.0,0.0,棕色,2WD,汽油,5門,5座,2014年02月領牌,0,台中上豪汽車,台中上豪汽車,台中市南屯區五權西路2段1229號,0,0,0,0,0,0,0,0,0,0,0,0,0,0,0,0,0,0,0,0
102,2804377,26312,Toyota,46,3.5L,<b>2018</b>年,<b>6.2</b>萬km,0.0,<b>電洽</b>,3,SIENNA  電視.天窗.抬頭顯示器.盲點.導航.台中上豪,2021-06-28 21:59:10,<font>3小時內更新</font>,1.0,184,https://p1.8891.com.tw/2021/06/28/1624888471029561_220_165.jpg,https://p1.8891.com.tw/2021/06/28/1624888471029561_300_225.jpg,103,,184.0,Sienna,Sienna,,20.0,0.0,1.0,0.0,1.0,1.0,0.0,0.0,0.0,0.0,0.0,台中市,手自排,2018,False,False,,[],0.0,[],0.0,0.0,1.0,1.0,3.0,0.0,0.0,黑色,2WD,汽油,5門,7座,2018年03月領牌,0,台中上豪汽車,台中上豪汽車,台中市南屯區五權西路2段1229號,1,0,1,1,1,1,1,1,1,1,1,0,1,1,1,1,1,0,1,1
103,2802297,26312,Maserati,28,3.0L,<b>2013</b>年,<b>11.4</b>萬km,0.0,<b>電洽</b>,3,2014年式 蒙地拿 QUATTROPORTE S Q4 總代理.電視.台中上豪,2021-06-26 16:00:40,<font>3小時內更新</font>,,191,https://p1.8891.com.tw/2021/02/21/1613916366513315_220_165.jpg,https://p1.8891.com.tw/2021/02/21/1613916366513315_300_225.jpg,104,,191.0,Quattroporte,Quattroporte,,19.0,0.0,1.0,0.0,1.0,0.0,0.0,0.0,0.0,0.0,0.0,台中市,手自排,2014,False,False,,[],0.0,[],0.0,0.0,1.0,1.0,3.0,0.0,0.0,藍色,4WD,汽油,4門,5座,2014年04月領牌,0,台中上豪汽車,台中上豪汽車,台中市南屯區五權西路2段1229號,1,0,1,1,0,1,1,0,1,1,1,0,1,1,1,0,1,0,1,1
104,2802263,26312,Toyota,46,3.5L,<b>2018</b>年,<b>4.6</b>萬km,0.0,<b>電洽</b>,3,19年式 LIMITED 盲點.第3排電動座椅.倒車影像.台中上豪,2021-06-26 15:53:16,<font>3小時內更新</font>,,295,https://p1.8891.com.tw/2021/06/26/1624693213923381_220_165.jpg,https://p1.8891.com.tw/2021/06/26/1624693213923381_300_225.jpg,105,,295.0,Sienna,Sienna,,20.0,0.0,1.0,0.0,1.0,0.0,0.0,0.0,0.0,0.0,0.0,台中市,手自排,2019,False,False,https://video.8891.com.tw/warehouse/car-video/26312/transcode/202106281006073331_480p.mp4,[],0.0,[],0.0,0.0,1.0,1.0,3.0,0.0,0.0,白色,2WD,汽油,5門,7座,2019年11月領牌,0,台中上豪汽車,台中上豪汽車,台中市南屯區五權西路2段1229號,1,0,1,1,1,1,1,1,1,1,1,0,1,1,1,1,1,1,1,1
105,2791413,26312,Mercedes-Benz,27,4.7L,<b>2013</b>年,<b>3.5</b>萬km,0.0,<b>電洽</b>,3,S500L 總代理.抬腿舒適椅.後座雙螢幕.全景.腳踢尾門.香芬套件.台中上豪,2021-06-15 20:39:40,<font>3小時內更新</font>,,558,https://p1.8891.com.tw/2021/06/22/1624342356910115_220_165.jpg,https://p1.8891.com.tw/2021/06/22/1624342356910115_300_225.jpg,106,,558.0,S-Class Sedan,S-Class Sedan,S500,20.0,0.0,1.0,0.0,1.0,0.0,0.0,0.0,0.0,0.0,0.0,台中市,手自排,2014,False,False,,[],0.0,[],0.0,0.0,1.0,1.0,3.0,0.0,0.0,其他(黑藍),2WD,汽油,4門,5座,2013年12月領牌,0,台中上豪汽車,台中上豪汽車,台中市南屯區五權西路2段1229號,1,0,1,1,1,1,1,1,1,1,1,0,1,1,1,1,1,0,1,1
106,2791409,26312,Lexus,24,5.0L,<b>2010</b>年,<b>19.4</b>萬km,0.0,<b>電洽</b>,3,2011年式 LS600HL 總代理.冷熱通風椅.吸頂大螢幕.DVD.台中上豪,2021-06-15 20:34:00,<font>3小時內更新</font>,,226,https://p1.8891.com.tw/2021/01/29/1611906987710763_220_165.jpg,https://p1.8891.com.tw/2021/01/29/1611906987710763_300_225.jpg,107,,226.0,LS,LS,,17.0,0.0,1.0,0.0,1.0,0.0,0.0,0.0,0.0,0.0,0.0,台中市,手自排,2011,False,False,,[],0.0,[],0.0,0.0,1.0,1.0,3.0,0.0,0.0,黑色,4WD,油電複合,4門,5座,2010年12月領牌,0,台中上豪汽車,台中上豪汽車,台中市南屯區五權西路2段1229號,1,0,1,1,1,1,1,1,1,1,1,0,1,1,1,1,1,0,1,1
107,2791414,26312,Jaguar,19,4.2L,<b>2003</b>年,<b>18.0</b>萬km,0.0,<b>電洽</b>,3,XJ8 04款 低里程.一手車.冷熱通風椅.天窗.遮陽簾.台中上豪,2021-06-15 20:40:16,<font>3小時內更新</font>,,340,https://p2.8891.com.tw/2019/10/11/2/1570780734783854_220_165.jpg,https://p2.8891.com.tw/2019/10/11/2/1570780734783854_300_225.jpg,108,,340.0,XJ,XJ,,20.0,0.0,1.0,0.0,1.0,0.0,0.0,0.0,0.0,0.0,0.0,台中市,手自排,2004,False,False,,[],0.0,[],0.0,0.0,1.0,1.0,3.0,0.0,0.0,黑色,2WD,汽油,4門,5座,2003年09月領牌,0,台中上豪汽車,台中上豪汽車,台中市南屯區五權西路2段1229號,0,0,0,0,0,0,0,0,0,0,0,0,0,0,0,0,0,0,0,0
108,2784369,26312,Mercedes-Benz,27,3.5L,<b>2010</b>年,<b>7.1</b>萬km,0.0,<b>電洽</b>,3,2011年式 S400H 總裁級雙螢幕影音.冷熱通風椅.HK音響.台中上豪,2021-06-08 16:03:19,<font>3小時內更新</font>,,316,https://p2.8891.com.tw/2021/02/27/1614412375198666_220_165.jpg,https://p2.8891.com.tw/2021/02/27/1614412375198666_300_225.jpg,109,,316.0,S-Class Sedan,S-Class Sedan,S400 Hybrid,20.0,0.0,1.0,0.0,1.0,0.0,0.0,0.0,0.0,0.0,0.0,台中市,手自排,2011,False,False,,[],0.0,[],0.0,0.0,1.0,1.0,3.0,0.0,0.0,黑色,2WD,油電複合,4門,5座,2014年09月領牌,0,台中上豪汽車,台中上豪汽車,台中市南屯區五權西路2段1229號,1,0,1,1,1,1,1,1,1,1,1,0,0,1,1,1,1,0,1,1
109,2784379,26312,Mercedes-Benz,27,3.5L,<b>2011</b>年,<b>8.4</b>萬km,0.0,<b>電洽</b>,3,2011年式 S400H 總代理.天窗.冷熱通風椅.倒車影像.台中上豪,2021-06-08 16:04:51,<font>3小時內更新</font>,,382,https://p2.8891.com.tw/2021/04/03/1617425585426340_220_165.jpg,https://p2.8891.com.tw/2021/04/03/1617425585426340_300_225.jpg,110,,382.0,S-Class Sedan,S-Class Sedan,S400 Hybrid,20.0,0.0,1.0,0.0,1.0,0.0,0.0,0.0,0.0,0.0,0.0,台中市,手自排,2011,False,False,,[],0.0,[],0.0,0.0,1.0,1.0,3.0,0.0,0.0,銀色,2WD,油電複合,4門,5座,2011年06月領牌,0,台中上豪汽車,台中上豪汽車,台中市南屯區五權西路2段1229號,0,0,0,0,0,0,0,0,0,0,0,0,0,0,0,0,0,0,0,0
110,2767968,688801,Mercedes-Benz,27,2.0L,<b>2019</b>年,<b>4312</b>km,169.8,<b>169.8</b>萬,3,【滿吉國際】A220 AMG Sedan 珍珠白 新款 全景天窗 盲點 免鑰匙,2021-05-21 19:50:13,<font>3小時內更新</font>,,"<span class=""Red"">1338</span>",https://p1.8891.com.tw/2021/06/02/1622617136352697_220_165.jpg,https://p1.8891.com.tw/2021/06/02/1622617136352697_300_225.jpg,111,,1338.0,A-Class,A-Class,A220,14.0,1.0,1.0,1.0,1.0,0.0,0.0,0.0,0.0,0.0,0.0,新北市,手自排,2019,False,False,,[],0.0,[],0.0,0.0,1.0,1.0,3.0,0.0,0.0,白色,2WD,汽油,5門,5座,未領牌,0,滿吉國際股份有限公司,滿吉國際股份有限公司,新北市新店區中興路二段196號,1,1,1,1,1,1,1,1,1,1,1,1,1,1,1,0,1,1,1,1
111,2767920,688801,Mercedes-Benz,27,2.0L,<b>2020</b>年,<b>2.3</b>萬km,228.8,<b>228.8</b>萬,3,【滿吉國際】GLC300 AMG 4Matic 全景 免鑰匙 盲點 自動停車,2021-05-21 19:48:38,<font>3小時內更新</font>,,"<span class=""Red"">1298</span>",https://p1.8891.com.tw/2021/06/10/1623305238671685_220_165.jpg,https://p1.8891.com.tw/2021/06/10/1623305238671685_300_225.jpg,112,,1298.0,GLC,GLC,GLC300,20.0,1.0,1.0,1.0,1.0,0.0,0.0,0.0,0.0,0.0,0.0,新北市,手自排,2020,False,False,,[],0.0,[],0.0,0.0,1.0,1.0,3.0,0.0,0.0,白色,4WD,汽油,5門,5座,未領牌,0,滿吉國際股份有限公司,滿吉國際股份有限公司,新北市新店區中興路二段196號,1,1,1,1,1,1,1,1,1,1,1,1,1,1,1,1,1,1,1,1
112,2768008,688801,Toyota,46,2.5L,<b>2021</b>年,<b>134</b>km,233.8,<b>233.8</b>萬,3,【滿吉國際】XSE 運動版 科技灰 全新車 七人座 自動跟車系統 盲點 雙色內裝,2021-05-21 19:51:43,<font>3小時內更新</font>,,"<span class=""Red"">3512</span>",https://p2.8891.com.tw/2021/06/28/1624871712425764_220_165.jpg,https://p2.8891.com.tw/2021/06/28/1624871712425764_300_225.jpg,113,,3512.0,Sienna,Sienna,,19.0,1.0,1.0,1.0,1.0,0.0,0.0,0.0,0.0,0.0,0.0,新北市,手自排,2021,False,False,,[],0.0,[],0.0,0.0,1.0,1.0,3.0,0.0,0.0,灰色,2WD,油電複合,5門,7座,未領牌,0,滿吉國際股份有限公司,滿吉國際股份有限公司,新北市新店區中興路二段196號,1,1,1,1,1,1,1,1,1,1,1,1,1,1,1,1,1,0,1,1
113,2768058,688801,Toyota,46,2.5L,<b>2021</b>年,<b>128</b>km,228.8,<b>228.8</b>萬,3,【滿吉國際】XSE 限量運動版 七人座 ACC 盲點 免鑰匙摸門含腳踢 多項配備,2021-05-21 19:55:14,<font>3小時內更新</font>,,"<span class=""Red"">4366</span>",https://p2.8891.com.tw/2021/06/20/1624163207392982_220_165.jpg,https://p2.8891.com.tw/2021/06/20/1624163207392982_300_225.jpg,114,,4366.0,Sienna,Sienna,,20.0,1.0,1.0,1.0,1.0,0.0,0.0,0.0,0.0,0.0,0.0,新北市,手自排,2021,False,False,,[],0.0,[],0.0,0.0,1.0,1.0,3.0,0.0,0.0,黑色,2WD,油電複合,5門,7座,未領牌,0,滿吉國際股份有限公司,滿吉國際股份有限公司,新北市新店區中興路二段196號,1,1,1,1,1,1,1,1,1,1,1,1,1,1,1,1,1,0,1,1
114,2800723,688801,Mercedes-Benz,27,2.0L,<b>2020</b>年,<b>200</b>km,219.8,<b>219.8</b>萬,3,【滿吉國際】GLB250 新款 七人座 全景天窗 免鑰匙 盲點 CarPlay,2021-06-24 22:59:20,<font>3小時內更新</font>,,703,https://p1.8891.com.tw/2021/06/24/1624546602070707_220_165.jpg,https://p1.8891.com.tw/2021/06/24/1624546602070707_300_225.jpg,115,,703.0,GLB,GLB,GLB 250,20.0,1.0,1.0,1.0,1.0,0.0,0.0,0.0,0.0,0.0,0.0,新北市,手自排,2020,False,False,,[],0.0,[],0.0,0.0,1.0,1.0,3.0,0.0,0.0,其他(金屬黑),2WD,汽油,5門,7座,未領牌,0,滿吉國際股份有限公司,滿吉國際股份有限公司,新北市新店區中興路二段196號,1,1,1,1,1,1,1,1,1,1,1,1,1,1,1,1,1,1,1,1
115,2795322,707234,Honda,16,3.5L,<b>2012</b>年,<b>23.0</b>萬km,15.0,<b>15</b>萬,3,車況正常無待修項目,2021-06-19 16:30:14,<font>3小時內更新</font>,,812,https://p2.8891.com.tw/2021/06/19/1624090749729512_220_165.jpg,https://p2.8891.com.tw/2021/06/19/1624090749729512_300_225.jpg,116,,812.0,Accord,Accord,,8.0,0.0,1.0,0.0,1.0,0.0,0.0,0.0,0.0,0.0,0.0,台北市,自手排,2012,False,False,,[],0.0,[],0.0,0.0,1.0,1.0,3.0,0.0,0.0,灰色,2WD,汽油,4門,5座,2012年04月領牌,0,m先生,個人賣家,台北市松山區,0,0,1,0,1,1,1,0,1,1,1,0,1,1,1,1,1,0,1,1
116,2793821,436065,Volkswagen,47,1.6L,<b>2012</b>年,<b>4.9</b>萬km,30.8,<b>30.8</b>萬,3,2013領牌 VW GOLF 1.6 汽油 保證里程 車況絕佳,2021-06-18 11:09:43,<font>3小時內更新</font>,,331,https://p1.8891.com.tw/2021/06/18/1623985380926389_220_165.jpg,https://p1.8891.com.tw/2021/06/18/1623985380926389_300_225.jpg,117,,331.0,Golf,Golf,,10.0,0.0,1.0,0.0,1.0,0.0,0.0,0.0,0.0,0.0,0.0,彰化縣,自手排,2012,False,False,,[],0.0,[],0.0,0.0,1.0,1.0,3.0,0.0,0.0,藍色,2WD,汽油,5門,5座,2013年06月領牌,0,許小姐,個人賣家,彰化縣彰化市,0,1,1,0,1,1,1,1,1,1,0,1,0,0,0,1,0,0,0,0
117,2789651,136809,Infiniti,18,3.7L,<b>2013</b>年,<b>15.0</b>萬km,62.0,<b>62</b>萬,3,★豬豬人中古車-德泉汽車★13年 FX37 頂級版/稀有白色★中部第一實價車商★,2021-06-13 20:24:36,<font>4小時內更新</font>,,816,https://p1.8891.com.tw/2021/06/13/1623587062396897_220_165.jpg,https://p1.8891.com.tw/2021/06/13/1623587062396897_300_225.jpg,118,,816.0,FX37,FX37,,11.0,0.0,1.0,0.0,1.0,0.0,0.0,0.0,0.0,0.0,0.0,台中市,手自排,2013,False,False,,[],0.0,[],0.0,0.0,1.0,1.0,3.0,0.0,0.0,白色,4WD,汽油,5門,5座,2013年08月領牌,0,豬豬人中古車德泉汽車,豬豬人中古車德泉汽車,台中市東區旱溪西路一段540號,1,1,1,1,1,1,1,1,1,1,1,0,1,1,1,1,1,0,1,1
118,2780885,263886,Maserati,28,3.0L,<b>2016</b>年,<b>5.0</b>萬km,268.0,<b>268</b>萬,3,駿岳-小魏 總代理 一手車 快樂波特SQ4 選配H/K音響 方向盤 原木飾板,2021-06-04 17:44:42,<font>4小時內更新</font>,,"<span class=""Red"">2133</span>",https://p2.8891.com.tw/2021/06/23/6/1624423061385872_220_165.jpg,https://p2.8891.com.tw/2021/06/23/6/1624423061385872_300_225.jpg,119,,2133.0,Quattroporte,Quattroporte,,16.0,0.0,1.0,1.0,1.0,0.0,2.0,0.0,0.0,0.0,1.0,台北市,手自排,2017,False,False,,[],0.0,[],0.0,0.0,1.0,1.0,3.0,0.0,0.0,黑色,4WD,汽油,4門,5座,2017年10月領牌,0,駿岳汽車,駿岳汽車,台北市士林區承德路四段331號1樓,1,1,1,1,1,1,1,1,1,1,1,1,1,1,1,1,1,1,1,1
119,2799486,263886,Mercedes-Benz,27,2.0L,<b>2017</b>年,<b>4.5</b>萬km,179.0,<b>179</b>萬,3,駿岳-小魏 總代理一手車 Benz GLC250 AMG 環景 全景 導航,2021-06-23 17:17:20,<font>4小時內更新</font>,,698,https://p2.8891.com.tw/2021/04/24/6/1619253009546368_220_165.jpg,https://p2.8891.com.tw/2021/04/24/6/1619253009546368_300_225.jpg,120,,698.0,GLC,GLC,GLC250,18.0,0.0,1.0,1.0,1.0,0.0,2.0,0.0,0.0,0.0,1.0,台北市,手自排,2017,False,False,,[],0.0,[],7620.0,0.0,1.0,1.0,3.0,0.0,0.0,白色,4WD,汽油,5門,5座,2017年07月領牌,0,駿岳汽車,駿岳汽車,台北市士林區承德路四段331號1樓,1,1,1,1,1,1,1,1,1,1,1,1,1,1,1,1,1,1,1,1
