,adsid,campaignid,distance,match_type,ads_keyword,deduction_info,collection_id,display_name,campaign_stock,json_data,tracking_info,itemid,shopid,algo_image,fe_flags,item_basic.itemid,item_basic.shopid,item_basic.name,item_basic.label_ids,item_basic.image,item_basic.images,item_basic.currency,item_basic.stock,item_basic.status,item_basic.ctime,item_basic.sold,item_basic.historical_sold,item_basic.liked,item_basic.liked_count,item_basic.view_count,item_basic.catid,item_basic.brand,item_basic.cmt_count,item_basic.flag,item_basic.cb_option,item_basic.item_status,item_basic.price,item_basic.price_min,item_basic.price_max,item_basic.price_min_before_discount,item_basic.price_max_before_discount,item_basic.hidden_price_display,item_basic.price_before_discount,item_basic.has_lowest_price_guarantee,item_basic.show_discount,item_basic.raw_discount,item_basic.discount,item_basic.is_category_failed,item_basic.size_chart,item_basic.video_info_list,item_basic.tier_variations,item_basic.item_rating.rating_star,item_basic.item_rating.rating_count,item_basic.item_rating.rcount_with_context,item_basic.item_rating.rcount_with_image,item_basic.item_type,item_basic.reference_item_id,item_basic.transparent_background_image,item_basic.is_adult,item_basic.badge_icon_type,item_basic.shopee_verified,item_basic.is_official_shop,item_basic.show_official_shop_label,item_basic.show_shopee_verified_label,item_basic.show_official_shop_label_in_title,item_basic.is_cc_installment_payment_eligible,item_basic.is_non_cc_installment_payment_eligible,item_basic.coin_earn_label,item_basic.show_free_shipping,item_basic.preview_info,item_basic.coin_info,item_basic.exclusive_price_info,item_basic.bundle_deal_id,item_basic.can_use_bundle_deal,item_basic.bundle_deal_info,item_basic.is_group_buy_item,item_basic.has_group_buy_stock,item_basic.group_buy_info,item_basic.welcome_package_type,item_basic.welcome_package_info,item_basic.add_on_deal_info,item_basic.can_use_wholesale,item_basic.is_preferred_plus_seller,item_basic.shop_location,item_basic.has_model_with_available_shopee_stock,item_basic.voucher_info,item_basic.can_use_cod,item_basic.is_on_flash_sale,item_basic.spl_installment_tenure,item_basic.is_live_streaming_price,item_basic.is_mart,item_basic.pack_size,item_basic.bundle_deal_info.bundle_deal_id,item_basic.bundle_deal_info.bundle_deal_label,item_basic.voucher_info.promotion_id,item_basic.voucher_info.voucher_code,item_basic.voucher_info.label,tracking_info.viral_spu_tracking,tracking_info.business_tracking,tracking_info.multi_search_tracking,tracking_info.groupid,tracking_info.ruleid,item_basic.add_on_deal_info.add_on_deal_id,item_basic.add_on_deal_info.add_on_deal_label,item_basic.add_on_deal_info.sub_type,item_basic.add_on_deal_info.status
0,16336663.0,9357684.0,,0.0,背心女,YmZmdG9jdHcxLlVZdnhaWpX0ff5kTo3xFk5PoZKWxqkQXy79WAxEpwMP/Gcc6urzyFAA3szWIIj6NQtf3lZwIsgEW7i3lc025J1N2nJoYDNdP69IV2vKJFlmvJ1tQc8F,,,,CiFjOmU9YjtwaWQ9QTsyLmEuMjc0QEJDRUhJT2NmZ21udzBxIDyWCmfjoz8=,,5383817226,338734079,,,5383817226,338734079,【熱銷】【買一送一】【三套以上更優惠】專業無痕背心 冰絲背心 大尺碼背心 薄款打底 單穿百搭  無袖背心 高彈性 小可愛,"[1000040, 1000365, 1001511, 1000553, 25, 1002853, 1001578, 1004576, 1004778, 1004779, 1004780, 1005141, 1005228, 1005132, 1000028, 1004777, 1005315, 1005522]",a18ee9a896f28ddfba4b0ed010e15df4,"['a18ee9a896f28ddfba4b0ed010e15df4', 'e7d585bf4fe62fbd16c4393066fa5211', 'b10d8c5b1512b625a1b193b2e3015cc3', 'ef6c4f903c0c3bab1cf609c97bad6fd5', '36fce17c541080c97443cfbe46cd60b8', 'd8aaa5d6b89589570705ec2294fc2783', 'cc2ccc463481cd02ffb3c32e88a982a9']",TWD,47990,1,1617025058,3,34,False,41,695,62,,16,196608,1,normal,8900000,8900000,8900000,15500000,15500000,,15500000,False,43,43,5.7,False,,"[{'video_id': 'a394b7128f71f41772b2a7d5439e68fd', 'thumb_url': '275edbd48cd33c2874e05ee0fa475ef9', 'duration': 48, 'version': 1, 'vid': None, 'formats': [], 'default_format': None}]","[{'name': '顏色', 'options': ['膚色+綠色【超薄無痕背心】', '綠色+黑色【超薄無痕背心】', '粉色+綠色【超薄無痕背心】', '膚色+粉色【超薄無痕背心】', '紫色+粉色【超薄無痕背心】', '白色+粉色【超薄無痕背心】', '白色+黑色【超薄無痕背心】', '自由組合顏色【請備註】【超薄無痕背心】'], 'images': ['5971e14c361cb6216c23231f72f78e1e', '1985e13e98b80fb8ddde5ad977ce36a4', '7ce2fe275389e0e2235b2b0de15a172b', 'b5b144facc1f158b3e8a15a71a7dea00', '8eba8ba9101612f32eada576e3944c8f', 'd185afc4d0ef3bedcdfca2be14c075eb', '4a720d8f734323b819458609d50ee44e', 'd43713abcc939838a3111f5cf99675da'], 'properties': [], 'type': 0}, {'name': '尺碼', 'options': ['M 【建議40-47.5kg】', 'L【建議47.5-55kg】', 'XL【建議55-62.5kg】', '2XL【建議62.5-70kg】', '3XL 【建議70-77.5kg】', '4XL【建議77.5-85kg】'], 'images': None, 'properties': [], 'type': 0}]",5.0,"[16, 0, 0, 0, 0, 16]",9,9,0,,,False,0,False,False,False,False,False,False,False,,False,,,,0,False,,,,,0,,,False,False,中國大陸,False,,True,False,,,False,,,,,,,,,,,,,,,
1,19998280.0,11766330.0,,0.0,wkdaelpmissisiht,YmZmdG9jdHcxLlVZdnhaWpX0ff5kTo3xFk5PoZKWxqmnPyZjJ/RPuigQK/hyLWG84uY1SffF2cFBXD8K3PtfR/3YSSZ4xvVb526l+Rt6b6Ze3uikhIk4h/CpZ+bck3ET,,,,CiFjOmU9YjtwaWQ9QTsyLmEuMjc0QEJDRUhJT2NmZ21udzBIBHEvWM9NFy6lP3mpdNjO3ZebPw==,,8057268321,409433252,,,8057268321,409433252,【限時促銷】純棉吊帶 背心女 大碼韓版外穿寬鬆 夏季新款極簡文藝百搭內搭工字吊帶 打底無袖T恤 上衣,"[1001511, 25, 1004846, 1004778, 1005141, 1005228, 1000028, 1004777, 1005315]",3fb67ae75ab849edac9934425d61055b,"['3fb67ae75ab849edac9934425d61055b', '4b3d1c4dc6d6a162587a792974e60627', 'b8577727c8808d73fc6bcf210fde4e4f', '218af790d8427e05a842b39278ea28c4', '36f0ffceeb02c756ff70179d7aa61e97', 'fa985fdc3992c4d39be69982bbd20974', 'd630ab67f1f9314ccbe9f497a7492ac7', '452e11eb61347a991119233fc9ea604b', '11257fbee4cd4677a25aeb2cea64616c']",TWD,6074,1,1621568761,0,7,False,21,876,62,,2,0,1,normal,9200000,9200000,9200000,22200000,22200000,,22200000,False,59,59,4.1,False,36f0ffceeb02c756ff70179d7aa61e97,"[{'video_id': 'b93e65c4896c426a34fe0ab41d325c42', 'thumb_url': 'd277cdc5a46c7c1aefdbd1f306a8fa4a', 'duration': 27, 'version': 2, 'vid': 'sg_c45f66c9-e7fc-43af-9288-a0ac3742a0a3_000041', 'formats': [{'format': 160011, 'defn': 'V720P', 'profile': 'MP4', 'path': '', 'url': 'http://1500000774.vod2.myqcloud.com/c830c918vodtranssgp1500000774/337bdd513701925918937930556/v.f165041.mp4', 'width': 1280, 'height': 1280}], 'default_format': {'format': 100001, 'defn': 'ORI', 'profile': 'MP4', 'path': '', 'url': 'http://1500000774.vod2.myqcloud.com/14092670vodsgp1500000774/337bdd513701925918937930556/oeJ5etaEfpIA.mp4', 'width': 1280, 'height': 1280}}]","[{'name': '顏色', 'options': ['白色', '灰色', '咖啡色', '黃色', '藍色', '黑色'], 'images': ['4b3d1c4dc6d6a162587a792974e60627', '218af790d8427e05a842b39278ea28c4', 'd630ab67f1f9314ccbe9f497a7492ac7', 'b8577727c8808d73fc6bcf210fde4e4f', '3fb67ae75ab849edac9934425d61055b', '452e11eb61347a991119233fc9ea604b'], 'properties': [], 'type': 0}, {'name': '尺碼', 'options': ['M【建議100斤內】', 'L【建議100-115斤】', 'XL【建議115-130斤】', '2XL【建議130-150斤】', '3XL【建議150-165斤】'], 'images': None, 'properties': [], 'type': 0}]",5.0,"[2, 0, 0, 0, 0, 2]",1,1,0,,,False,0,False,False,False,False,False,False,False,,False,,,,8427574,True,,,,,0,,,False,False,中國大陸,False,,False,False,,,False,,8427574.0,2 件折 $16,82481231.0,TWFW1220,滿額折$5,,,,,,,,,
2,19916705.0,11711322.0,,0.0,wkdaelpmissisiht,YmZmdG9jdHcxLlVZdnhaWoyEWHyqhl0wqTEc2y00hoc1hnx3XCxnLJd5JG3w2ZFI8OKyoLomEkflAzoV0Yo4ELoGufRX8n9Z/Sh/aJgrGdr2Xe9u2FWZjbfa2dXWSzfg,,,,CiFjOmU9YjtwaWQ9QTsyLmEuMjc0QEJDRUhJT2NmZ21udzBIBHF48fNJYs6nP3kUkshqGb6SPw==,,2939150375,361800542,,,2939150375,361800542,【低價爆款】在台現貨🌸 春夏新款純色內搭打底衫工字吊帶背心女性感外穿港味印花無袖T恤无袖韩版女生小可愛 修身顯瘦 吊帶,"[25, 23, 1005523]",2d0b31a3eb9e692b13d27fd93bbd46fb,"['2d0b31a3eb9e692b13d27fd93bbd46fb', 'ad6dd87d523812f7a531aaeb9af7c36f', 'ddab3b467d1d5f3653487ba38a2cd325', '904d160fe14b040e89a5282ac1b69622', '2f1fa481a790e1638270dd8ce2b0e968', 'bccfb65cd84af02e1a8fc7e49a6485c9', 'efd5c39bc1259c685356ed7262c68319', 'fac6dc269e4716d3c434b9e4c774c119', 'd4dc850f2bfb5e04d1bc7ffc6b847649']",TWD,23293,1,1617609633,18,29,False,100,2609,62,自有品牌,8,65536,0,normal,12000000,12000000,15500000,-1,-1,,0,False,0,0,,False,,,"[{'name': '顏色分類', 'options': ['純T-白色', '純T-黑色', '726#白色', '726#黑色', '723#白色', '723#黑色', '729#白色', '729#黑色', '717#白色', '717#黑色', '貓咪白色', '貓咪黑色'], 'images': ['8fad9ca5160f84eddd4c0231b7aad785', '94a767273800606275511904fe00abe0', '2d0b31a3eb9e692b13d27fd93bbd46fb', 'ad6dd87d523812f7a531aaeb9af7c36f', 'efba6dbc7fdca0e9cf710e39554aa7c5', '796554f46f83eef71c5659b4b42cd34f', '7d227308ac0808e04b076f8b68d21838', '802f4a693b90895c82d859e8c849da7c', 'ea6205d5942b536be049a1bdfe7c7de5', 'efd5c39bc1259c685356ed7262c68319', 'fac6dc269e4716d3c434b9e4c774c119', 'd4dc850f2bfb5e04d1bc7ffc6b847649'], 'properties': [], 'type': 0}, {'name': '尺碼', 'options': ['M （建議47.5公斤以內）', 'L （建議55公斤以內）', 'XL （建議62.5公斤以內）', '2XL (建議70公斤以內）'], 'images': None, 'properties': [], 'type': 0}]",4.625,"[8, 0, 0, 1, 1, 6]",2,1,0,,,False,0,False,False,False,False,False,False,False,,False,,,,8522192,True,,,,,0,,,False,False,桃園市桃園區,False,,True,False,,,False,,8522192.0,6 件折 $20,,,,,,,,,,,,
3,21957508.0,12989279.0,,1.0,背心女,YmZmdG9jdHcxLlVZdnhaWpX0ff5kTo3xFk5PoZKWxqkGznS1ynXC/csrjGfKRbPL+CycxpQlL9LUEiMnhNGCoqeCcVtEhdSioNFfoYtW157cYEoHhEgpaEp4TdRIx5U2,,,,CiFjOmU9YjtwaWQ9QTsyLmEuMjc0QEJDRUhJT2NmZ21udzBxn4FH4fD+ij8=,,4891836032,455538747,,,4891836032,455538747,2021夏純色小吊帶背心打底衫內搭大碼圓領百搭性感小吊帶女,,82f3e354be7c7efd7bfad3abb8c50b86,"['82f3e354be7c7efd7bfad3abb8c50b86', '2f101713a57b776378af2fb1c81dc863', '50943b5500a17643fbe19a3dbad19aff', 'f96d92116fe7ea0f72c0888eaec4778c', '219ba8e086be02e49655bbbe340ffc3d', 'e35d901169f3eca635e6622e031d50d4', '333444a7ce2469ea8975d21c020cd4c5', '26c3c1c79ac8156d1692d61c87047baa', 'ccf3e1c2c1dcc538c222ab94d1411fc5']",TWD,10000,1,1623739427,0,0,False,1,1,62,,0,0,1,normal,6800000,6800000,6800000,27000000,27000000,,27000000,False,75,75,2.5,False,,,"[{'name': '顏色', 'options': ['白色', '黑色', '膚色', '交叉-白色', '交叉--黑色'], 'images': ['1df01c34587eff3ccd56aace6d513b25', 'b937880ebb16466661d5ae1c2a46c659', '4e45dc1db72e1f033bbc2867a84fbdfd', 'e1e6a14c11ee3adbcfee598700614e6b', '6a3c344f01926af7864e74fece5a14f7'], 'properties': [], 'type': 0}, {'name': '尺碼', 'options': ['均碼', '加大碼'], 'images': None, 'properties': [], 'type': 0}]",0.0,"[0, 0, 0, 0, 0, 0]",0,0,0,,,False,0,False,False,False,False,False,False,False,,False,,,,0,False,,,,,0,,,False,False,中國大陸,False,,False,False,,,False,,,,,,,,,,,,,,,
4,20178373.0,11882972.0,,0.0,wkdaelpmissisiht,YmZmdG9jdHcxLlVZdnhaWjezN0qZGjljPbyDtMjMq72VMLh2XOGo8N2JJ5P5qZ6uN8pXgpdEdywLLK8GB6yk9fEo9IXb1PuUySzlWgZyldJy6jQlyKAD51wKFa6r/TPY,,,,CiFjOmU9YjtwaWQ9QTsyLmEuMjc0QEJDRUhJT2NmZ21udzBIBHFNCysOOKOjP3lSi1YllaKJPw==,,3586910583,421788737,,,3586910583,421788737,女士無痕背心外穿吊帶衫內搭打底短款冰絲潮性感無袖針織性感夏加肥大尺碼200斤胖妹妹小可愛背心女外穿內搭韓版無袖上衣,,9ee236ce9c2d0714c728af6e4d18e9bf,"['9ee236ce9c2d0714c728af6e4d18e9bf', 'f74972a4019e0a01254724f0d92dfa2b', 'd7615b910354a57c631d50f890f1da9e', '72776af1b6d5e4627115f620d82bd612', '9d2666dbd2c8740a7dbb5d201d72761b', 'ef9bd6169cbbe1562a906a9c5e4e11fe', 'a9cc222e5b024d78b0b8de2e87090df1', '98e85ca669850a8af155b346f336b72b', 'c13172a0962d598af1988daa8be24e51']",TWD,14348,1,1619080085,5,22,False,12,512,62,自有品牌,5,65536,0,normal,3300000,3300000,8600000,-1,-1,,0,False,0,0,,False,,,"[{'name': '顏色分類', 'options': ['粉色 收藏店鋪定時活動', '白色 收藏寶貝優先發貨', '黑色 無縫裁邊舒適一夏', '灰色 大碼可選冰絲涼爽', '膚色 無痕無感輕柔百搭', '水綠色 春秋打底夏日單穿', '水藍色 輕薄不透彈力升級', '白色+白色【兩件裝】'], 'images': ['b93a026ce74cce1d5f3dfb73eecf52da', 'da1ca398350bd93bb18792971d3585ae', 'd63d068eed07f7108a315a9c0b16d43e', '259cd2d10046c700389877c998871c1d', 'afd5fa5d832a77339275c1c6732a4be5', '94cb4115fa349051cd8756b43bdcc9a3', '7e63d3f6f649328784db1fb7ef82cec9', '7dca16db233160eb1f8c2ff8c3ad22dc'], 'properties': [], 'type': 0}, {'name': '尺碼', 'options': ['M', 'L', 'XL', '2XL', '3XL', '4XL'], 'images': None, 'properties': [], 'type': 0}]",4.75,"[4, 0, 0, 0, 1, 3]",0,0,0,,,False,0,False,False,False,False,False,False,False,,False,,,,0,False,,,,,0,,,False,False,桃園市蘆竹區,False,,True,False,,,False,,,,,,,,,,,,,,,
5,,,,,,,,,,ogaPAQqMAWJmZi1zZWFyY2hfdHdfdHcxXzEwLjU5LjI0NC4yOV97MWY4YTFiODRjNTBhMTA0ODk1MDliYjIxZjgzNzMxMDA6MDEwMDAwNjUyMDMzMTJhYjowMDAwMDAxMGYyMGM2M2JjfV9rOHMtd29ya2VyLXR3MS1saXZlLTM3MC5zaG9wZWVtb2JpbGUuY29t,,235363080,16995972,,,235363080,16995972,【24小時快速出貨】莫代爾 女無袖 背心 前後U領 吊帶背心 寬肩帶 加大碼XL~6XL  [JC的店],"[16, 1000140, 1000508, 1000138, 1001499, 1000040, 1000365, 25, 1002853, 1004576, 1004846, 1000028, 1000289, 1000350, 1000364, 1000453, 1000464, 1000500, 1000562, 1001479, 1000490, 1000643, 1001500, 1001563, 1001784, 1003782, 1003469, 1003470, 1005522]",518164421596f88c799944e8f7cee6f6,"['518164421596f88c799944e8f7cee6f6', '90d34582d006db7ff774371a97ae8bfd', 'f4241eacc84461409fe2c5b32b347c15', '9962c0d0b520b54726b1dbeeedb838ae', 'f77aa3d79965e956b25dddef12e7f168', 'b3ef6bc7f65114ae79a4a31f9fe144f2', '4a9ff9c54ff594cbf00241de9a04ae32', '4f0133988f71ec2f261ab042a3963d96', '45a2144945abe7af8d7ccc20214d4676']",TWD,4228,1,1493205444,187,1423,False,417,2633,62,,473,196610,0,normal,9800000,9800000,9900000,-1,-1,,0,False,0,0,,False,1b87745598a0b408bd4b481a3c4b0101,,"[{'name': 'Variation', 'options': ['黑色', '白色', '灰色', '玫紅色'], 'images': ['1a5c5f1c1986f2fb76bcf8e8d352f8cf', '5369c1cc0b74a88abbf2172c58708f01', '9a7f505b13dc24802f1cc8b0e5187c7f', '336b0fd6eee18fb7982ca6d8acb78990'], 'properties': [], 'type': 0}, {'name': '尺碼', 'options': ['XL[40-50公斤]', '2XL[50-60公斤]', '3XL[60-70公斤]', '4XL[70-80公斤]', '5XL[80-90公斤]', '6XL[90-100公斤]'], 'images': None, 'properties': [], 'type': 0}]",4.961206896551724,"[464, 1, 0, 3, 8, 452]",145,51,0,,,False,0,True,False,False,True,False,False,False,,True,,,,0,False,,,,,0,,,False,False,臺中市豐原區,False,,True,False,,,False,,,,,,,,,,0.0,[0],,,,
6,,,,,,,,,,ogaPAQqMAWJmZi1zZWFyY2hfdHdfdHcxXzEwLjU5LjI0NC4yOV97MWY4YTFiODRjNTBhMTA0ODk1MDliYjIxZjgzNzMxMDA6MDEwMDAwNjUyMDMzMTJhYjowMDAwMDAxMGYyMGM2M2JjfV9rOHMtd29ya2VyLXR3MS1saXZlLTM3MC5zaG9wZWVtb2JpbGUuY29t,,6530999159,1356702,,,6530999159,1356702,螺紋工字背心 棉質背心 糖果色舒適彈力百搭款 女生背心 女背心 小背心 A117,"[16, 1000140, 1000508, 1000503, 1001499, 1001777, 1001779, 1002553, 1002552, 1003145, 25, 1003754, 1002127, 1004555, 1005833, 1005837, 1000028]",72f0af9541d859624a1c96bb58e95c65,"['72f0af9541d859624a1c96bb58e95c65', '8984c73deb69d142266078a3b471fec4', 'f578e500d0d568d1bede68f12fe21ab7', '1073cd3269c1c5caa9c4388c52bd1331', '3a5d15526f269647d8bc290bbbf879f0', 'ff9d520a7cb2f1622962403d2c260e50', '47a2aac2e016d2e43bb8edd31fd0a182', 'f7cba955567fd972c8bdcec851c67e53', '9d971264e01d9781b0938b106442b5c9']",TWD,311,1,1587619459,51,490,False,168,1998,62,自有品牌,96,196608,0,normal,4500000,4500000,4500000,-1,-1,,0,False,0,0,,False,,,"[{'name': 'Variation', 'options': ['黑色', '寶藍', '白色', '黃色', '深灰'], 'images': None, 'properties': [], 'type': 0}]",4.821052631578947,"[95, 1, 0, 5, 3, 86]",10,7,0,,,False,0,False,True,True,False,True,False,False,,False,,,,0,False,,,,,0,,,False,False,臺中市西屯區,False,,True,False,,,False,,,,,,,,,,0.0,[0],2850124.0,加價購,0.0,1.0
7,,,,,,,,,,ogaPAQqMAWJmZi1zZWFyY2hfdHdfdHcxXzEwLjU5LjI0NC4yOV97MWY4YTFiODRjNTBhMTA0ODk1MDliYjIxZjgzNzMxMDA6MDEwMDAwNjUyMDMzMTJhYjowMDAwMDAxMGYyMGM2M2JjfV9rOHMtd29ya2VyLXR3MS1saXZlLTM3MC5zaG9wZWVtb2JpbGUuY29t,,5243593854,169621818,,,5243593854,169621818,無袖T恤女球衣寬鬆外穿籃球服背心bf泫雅風學生百搭ins網紅上衣夏無袖背心,"[1004440, 1004773, 1004775, 1004776, 1005371, 1005314, 1005313, 1004777, 1005315]",23f3f817225fda46fbaf0241645909c1,"['23f3f817225fda46fbaf0241645909c1', 'd219e4cecad9ba040d47143917733440', 'c276caebc1e3549e8d6c826885ed6722', 'abadb6715b08f074002d436749dfb289', 'fc44d8545d4eb4b63c2dbe96de7f3658', 'ccf2b67f9be73158975ec49addd32a3b']",TWD,2268,1,1595601045,90,191,False,736,14058,62,自有品牌,89,65536,0,normal,9900000,9900000,9900000,31000000,31000000,,31000000,False,68,68,3.2,False,,,"[{'name': '顏色', 'options': ['軍綠色'], 'images': ['23f3f817225fda46fbaf0241645909c1'], 'properties': [], 'type': 0}, {'name': '尺碼', 'options': ['M', 'L', 'XL'], 'images': None, 'properties': [], 'type': 0}]",4.853932584269663,"[89, 1, 0, 0, 9, 79]",13,12,0,,,False,0,False,False,False,False,False,False,False,,False,,,,0,False,,,,,0,,,False,False,桃園市大園區,False,,True,False,,,False,,,,,,,,,,0.0,[0],,,,
8,,,,,,,,,,ogaPAQqMAWJmZi1zZWFyY2hfdHdfdHcxXzEwLjU5LjI0NC4yOV97MWY4YTFiODRjNTBhMTA0ODk1MDliYjIxZjgzNzMxMDA6MDEwMDAwNjUyMDMzMTJhYjowMDAwMDAxMGYyMGM2M2JjfV9rOHMtd29ya2VyLXR3MS1saXZlLTM3MC5zaG9wZWVtb2JpbGUuY29t,,6037117882,260066447,,,6037117882,260066447,S-4XL✿90公斤可穿大尺碼小可愛✿ 大尺碼鈕釦背心女夏外穿冰絲針織衫百搭打底衫性感v領T桖上衣女,"[16, 1000449, 1000140, 1000508, 1000138, 1001499, 1001777, 1001779, 1001942, 1002553, 1002552, 1001511, 1000553, 1003145, 1003754, 1000365, 1000040, 25, 1001578, 1004576, 1005141, 1005228, 1000289, 1000335, 1000364, 1000430, 1000487, 1001270, 1001808, 1000626, 1000613, 1000028, 1002200, 1002443, 1002188, 1002825, 1004773, 1004850, 1005019, 1004775, 1004776, 1005371, 1005314, 1005313, 1004777, 1005315]",624af1fa434d2d1ed0e69b6494f56d16,"['624af1fa434d2d1ed0e69b6494f56d16', '01ec44d89789980cd4b517328e806250', '98bae23cab867ce503d2f2fac7aa4446', '362ffef5d8094a96b08d824a3afff304', '7eded354f5674e94c8e50c7810ff2ea1', '2f269e55175ed17940327011279258ca', 'd570fc9a8a602cf8e4ee7a8948ce82d7', '8082067ad8bbba6cbdfb365c44d9eb39', '754653e9d292b20b4cea15e307e1b59c']",TWD,46131,1,1591623054,190,2665,False,1038,4183,62,自有品牌,683,196608,1,normal,6800000,6800000,6800000,10500000,10500000,,10500000,False,35,35,6.5,False,,"[{'video_id': 'KMgCreUh50Wmwbf5', 'thumb_url': 'aa6c2ed89b4082ddaa3bd0d2b34ec361', 'duration': 45, 'version': 0, 'vid': '', 'formats': [], 'default_format': None}]","[{'name': '颜色', 'options': ['黑色 優質冰絲不起球不掉色不縮水', '白色 優質冰絲不起球不掉色不縮水', '草綠色 優質冰絲不起球不掉色不縮水', '杏色 優質冰絲不起球不掉色不縮水', '薑黃色 優質冰絲不起球不掉色不縮水', '檸檬黃 優質冰絲不起球不掉色不縮水', '天藍色 優質冰絲不起球不掉色不縮水'], 'images': ['b3df1a29721a55805a298ee8a1cf5898', 'c70d948e6d4cd05b76cf6934a8ed0ee5', 'ae0ac3c589f3fc054ac2b511f23761ca', 'c521d9c79230cdac36df39b1d8b0f29d', '914b12f57782da4c91d7c0aeb6f9d38f', '2faeaf83e0cabdf923f9717c8cfd8320', '4c40e165fbb748d6571ddd074440dd4d'], 'properties': [], 'type': 0}, {'name': '尺码', 'options': ['S 建議40-45KG', 'M     建議45-50KG', 'L      建議50-55KG', 'XL 建議55-60KG', '2XL 建議60-65KG', '3XL 建議65-75KG', '4XL 建議75-90KG'], 'images': None, 'properties': [], 'type': 0}]",4.874084919472914,"[683, 5, 0, 11, 44, 623]",190,156,0,,,False,0,True,False,False,True,False,False,False,,False,,,,0,False,,,,,0,,,False,False,中國大陸,False,,True,False,,,False,,,,82836443.0,25OC25292,滿額折$30,,,,0.0,[0],,,,
9,,,,,,,,,,ogaPAQqMAWJmZi1zZWFyY2hfdHdfdHcxXzEwLjU5LjI0NC4yOV97MWY4YTFiODRjNTBhMTA0ODk1MDliYjIxZjgzNzMxMDA6MDEwMDAwNjUyMDMzMTJhYjowMDAwMDAxMGYyMGM2M2JjfV9rOHMtd29ya2VyLXR3MS1saXZlLTM3MC5zaG9wZWVtb2JpbGUuY29t,,3738270085,240772138,,,3738270085,240772138,現貨供應 【低價爆款】女士涼感無袖背心 冰絲背心 吊帶女夏季打底衫 高彈內搭 韓版性感背心 小可愛 修身顯瘦 吊帶衫,"[16, 1000449, 1000508, 1001499, 1001942, 1001511, 1000553, 25, 1004780, 1005141, 1005228, 1005132, 1000028, 1000430, 1000573, 23, 1003135, 1004356, 1004131, 1004440, 1004685, 1004773, 1004850, 1004824, 1004775, 1004776, 1005371, 1005314, 1005313, 1004777, 1005315, 1005523]",de5ab17687a1c52f0bd5e1bdda70aea0,"['de5ab17687a1c52f0bd5e1bdda70aea0', '0fc7a7ede94cd813f58afaf68ad91206', 'abb22a68a0a6017b39cfe568f9aea9bb', '1b1da7603df1e5ee49a01ebf8b8ebdd0', 'd74a174b45ff4c3ad07f6c1823ec5787', 'fcefe18c2cfefbf1681afdb6e11a0cca', '916e4bd9807795e8f377f7e0f4f74d63', '90ec718f37561eb3170096769f92f492', '5896470bdf69e2c00e93af0a1692da46']",TWD,5689,1,1592238462,417,2460,False,793,10934,62,自有品牌,334,65536,1,normal,3800000,3800000,5900000,15700000,15700000,,15700000,False,76,76,2.4,False,,"[{'video_id': 'a4b18e6cfcf179aa226b29d1df6b414f', 'thumb_url': 'e50d76ab51ac9f8b8748f008231aabeb', 'duration': 35, 'version': 1, 'vid': None, 'formats': [], 'default_format': None}]","[{'name': '颜色', 'options': ['黑色', '白色', '藕色', '粉色', '水蘭', '綠色', '紫色'], 'images': ['8c05a6c8e159802f5f097d48b4029056', '24c633e5f30bdb632bc82a599857fad1', '209cc7f894da144aa04d00b8b4c2775f', '567e8125abd449d941649c7975b1bb0e', '01b2d9ada4fd0bab9cf194609b665864', '6f3d6137f9a786d0d264cc145ad9c179', '22a2c9d3e8f5ca786dde03405a5a8315'], 'properties': [], 'type': 0}, {'name': '尺码', 'options': ['M 【建議40-47.5kg】', 'L 【建議47.5-55kg】', 'XL 【建議52.5-60kg】', '2XL【建議60-67.5kg】', '3XL 【建議67.5-75kg】'], 'images': None, 'properties': [], 'type': 0}]",4.775449101796407,"[334, 0, 0, 22, 31, 281]",94,68,0,,,False,0,False,False,False,False,False,False,False,,False,,,,8786904,True,,,,,0,,,False,False,中國大陸,False,,True,False,,,False,,8786904.0,5 件 9.5折,,,,,,,0.0,[0],,,,
10,,,,,,,,,,ogaPAQqMAWJmZi1zZWFyY2hfdHdfdHcxXzEwLjU5LjI0NC4yOV97MWY4YTFiODRjNTBhMTA0ODk1MDliYjIxZjgzNzMxMDA6MDEwMDAwNjUyMDMzMTJhYjowMDAwMDAxMGYyMGM2M2JjfV9rOHMtd29ya2VyLXR3MS1saXZlLTM3MC5zaG9wZWVtb2JpbGUuY29t,,4980351512,165373703,,,4980351512,165373703,無袖背心女 夏季新款背心 吊帶背心 美背 無袖性感吊帶背心 港味短款內搭打底 無袖吊帶上衣女 黑色緊身露臍小背心,"[25, 1004846, 1004778, 1004779, 1004780, 1005132, 1005522]",f7160da3b638e0dcf1de4e9abf9f83ba,"['f7160da3b638e0dcf1de4e9abf9f83ba', '0770629c79e5ec493afeb92d5fef783d', 'aed149d25db2a3353174db2d53f13d3c', '51d980e955c0a65fc95e1bfef7e5bd89', '92b762856ce52ee6554f93de420e3010', 'b132a81a405c4b70d8f66d3cbc4f2581', '3bce08c57f9d4d5f784fb8cf61020423', 'b549889a5bcf3773a7f73c2ebd88bc4d', '015348f6eb86c8705715a75460450ac6']",TWD,119604,1,1614667926,47,314,False,642,3693,62,,91,131072,0,normal,8000000,8000000,8000000,9400000,9400000,,9400000,False,15,15,8.5,False,e7fcb8c1c512a68f3b2f5adaa6215a47,,"[{'name': '顏色', 'options': ['黑色', '深灰色', '白色'], 'images': ['f7160da3b638e0dcf1de4e9abf9f83ba', '92b762856ce52ee6554f93de420e3010', 'aed149d25db2a3353174db2d53f13d3c'], 'properties': [], 'type': 0}, {'name': '尺碼', 'options': ['S', 'M', 'L', 'XL'], 'images': None, 'properties': [], 'type': 0}]",4.615384615384615,"[91, 1, 0, 8, 15, 67]",12,8,0,,,False,0,False,False,False,False,False,False,False,,False,,,,0,False,,,,,0,,,False,False,桃園市桃園區,False,,False,False,,,False,,,,,,,,,,0.0,[0],,,,
11,,,,,,,,,,ogaPAQqMAWJmZi1zZWFyY2hfdHdfdHcxXzEwLjU5LjI0NC4yOV97MWY4YTFiODRjNTBhMTA0ODk1MDliYjIxZjgzNzMxMDA6MDEwMDAwNjUyMDMzMTJhYjowMDAwMDAxMGYyMGM2M2JjfV9rOHMtd29ya2VyLXR3MS1saXZlLTM3MC5zaG9wZWVtb2JpbGUuY29t,,4436037134,165649753,,,4436037134,165649753,小可愛 背心 背心 細肩帶背心 韓妞必備夏季韓版合身顯瘦背心女性感外穿小心機港味chic短版上衣潮,"[16, 1000449, 1000140, 1000508, 1001499, 1001777, 1001779, 1001942, 1002553, 1002552, 1002516, 1001511, 1000553, 1003145, 1002857, 1003539, 1003754, 1002127, 25, 1004527, 1004780, 1005702, 1005703, 1005704, 1005705, 1005141, 1005833, 1005228, 1005837, 1005132, 1000620, 1001808, 1002443, 1002188, 1002825, 1003368, 1003376, 1004418, 1004514, 1004773, 1004850, 1004775, 1004776, 1005371, 1005314, 1005313, 1004777, 1005315]",5305ae81ad9051d754414b9f1f2acab8,"['5305ae81ad9051d754414b9f1f2acab8', 'eb46c37b08605fcaf3bcdc5beef1d5e1', '48a4df7c87be8f9cbf05331ca81a1d65', '5c2df31e31b6484de1f0608ed9291d3c', '0088cd53e1a2777b1808187f77873da2', '5e5f1dd9110cfc4473a3e9689f7370d2', '14f19741533767061bc9525a17be26a1', '77711794dff1fad42835d10ecf9e455c', 'f63286a2fd3bb789ae1c76861f71856c']",TWD,2781,1,1590990642,48,1421,False,2212,4685,62,自有品牌,388,196608,1,normal,5600000,5600000,5600000,11800000,11800000,,11800000,False,53,53,4.7,False,,,"[{'name': '顏色', 'options': ['黑色', '白色', '紅色', '灰色', '淺藍色', '黃色', '粉色'], 'images': ['3f73859dbec3134be6f0080a31ffcf3d', '14f19741533767061bc9525a17be26a1', '5c2df31e31b6484de1f0608ed9291d3c', 'bc09de6e6fa1210380fbc9c75431818c', 'eb46c37b08605fcaf3bcdc5beef1d5e1', '48a4df7c87be8f9cbf05331ca81a1d65', 'b8986aea75faf9c44d34c708ac9cb893'], 'properties': [], 'type': 0}, {'name': '尺碼', 'options': ['均碼（70-120斤）'], 'images': None, 'properties': [], 'type': 0}]",4.754521963824289,"[387, 7, 2, 13, 35, 330]",48,34,0,,,False,0,False,True,True,False,True,False,False,,False,,,,0,False,,,,,0,,,False,False,中國大陸,False,,True,False,,,False,,,,,,,,,,0.0,[0],3178517.0,滿額贈,1.0,1.0
12,,,,,,,,,,ogaPAQqMAWJmZi1zZWFyY2hfdHdfdHcxXzEwLjU5LjI0NC4yOV97MWY4YTFiODRjNTBhMTA0ODk1MDliYjIxZjgzNzMxMDA6MDEwMDAwNjUyMDMzMTJhYjowMDAwMDAxMGYyMGM2M2JjfV9rOHMtd29ya2VyLXR3MS1saXZlLTM3MC5zaG9wZWVtb2JpbGUuY29t,,975331491,9001359,,,975331491,9001359,細肩帶罩杯一體式背心 升級版帶胸墊《免穿內衣》無鋼圈 露背性感莫代爾棉胸罩女上衣【LaVie洛薇】TB0037,"[16, 1000432, 1000140, 1000508, 1000503, 1001499, 1002516, 1002858, 25, 1002127, 1004555, 1005833, 1005837, 1000018, 1000028, 1000131, 1000197, 1000279, 1000381, 1000399, 1000430, 1000487, 1000573, 1000579, 1000640, 23, 4, 1001270, 1001808, 1001500, 1001563, 1000613, 1000627, 1001487, 1001479, 1002216, 1002200, 1002234, 1002236, 1002239, 1002238, 1002188, 1002243, 1002240, 1002245, 1002244, 1002826, 1002883, 1003135, 1002865, 1003368, 1003529, 1003765, 1003907, 1003781, 1004356, 1004131, 1004514, 1004440, 1004685, 1004773, 1004849, 1005036, 1005019, 1004777, 1005315, 1005523]",f8a20af557132e1f46388bbc5220b648,"['f8a20af557132e1f46388bbc5220b648', 'ddf3c12eff8a531616372e7c7f8e86ce', '88e26a64c0490058d93ef59f5688bdb3', 'e1da7032ea9b9075f1c1d1ad97530374', '4cf5620129b83c0c704b1b7af339d166', 'e7707c344a5bd5f6d17126203898a6bc', '6bf6d12ec61bb9793e6eea8e7cdddbbc', '926995402f23a5ae8f955c255f0d3e87', '7ebbfb8552c1dad855aa75eef84074ed', '83a05eab81a6a4ea09c339806466d1da', '82b6c5c54f4bfdfe0085915bc0a4c994', '0d8b2af5f98e9afd99da26620120a8cc']",TWD,254,1,1520758471,123,11926,False,4499,3208,62,,3447,196610,0,normal,13900000,13900000,13900000,32900000,32900000,,32900000,False,58,58,4.2,False,,,"[{'name': '顏色', 'options': ['黑色', '白色', '粉色', '藍色'], 'images': ['bda61f65c8382ede65a6434aa0c62d3e', 'd53561fb747de5b58ce5edcc8094f8f3', '9f45f4dabefd8614680baa2622dfd5a2', 'bc1e06702f46335f34694cc15be108d4'], 'properties': [], 'type': 0}, {'name': '尺碼', 'options': ['S', 'M', 'L', 'XL'], 'images': None, 'properties': [], 'type': 0}]",4.913093858632677,"[3452, 4, 5, 39, 191, 3213]",761,426,0,,c4efb5ffd056b62af365d382fbf28a3f,False,0,False,True,True,False,True,False,False,,True,,,,0,False,,,,,0,,,False,False,臺中市北屯區,False,,True,False,,,False,,,,,,,,,,0.0,[0],,,,
13,,,,,,,,,,ogaPAQqMAWJmZi1zZWFyY2hfdHdfdHcxXzEwLjU5LjI0NC4yOV97MWY4YTFiODRjNTBhMTA0ODk1MDliYjIxZjgzNzMxMDA6MDEwMDAwNjUyMDMzMTJhYjowMDAwMDAxMGYyMGM2M2JjfV9rOHMtd29ya2VyLXR3MS1saXZlLTM3MC5zaG9wZWVtb2JpbGUuY29t,,1224164826,66434195,,,1224164826,66434195,女裝工字背心 棉質舒適彈力背心 背心小可愛  挖背背心 內搭背心 女背心（純回饋拚價格衝評價),"[16, 1000140, 1000508, 1000503, 1001499, 25, 1004845, 1004778, 1004779, 1004780, 1005131, 1000620, 1001808, 1004773, 1004849, 1004775, 1004776, 1005371, 1005314, 1005313, 1004777, 1005315]",eb5ceb73c5bcb3c8d0f7140b5a0bb7e3,"['eb5ceb73c5bcb3c8d0f7140b5a0bb7e3', '6068b0f1ff419c6314b368af0cc5137b', '3f57d6ed8a619a4228b9f40665132536', '03c83b7b4fb26005c9b3a6a2a53c5140', '0dcb2e2f89428c63f0be5f54929f1f5a', 'b47c588a491bcaf1df5a74c274c37b81', 'ba73f17ea4a4f632ccec24c7c1f142f1', '493f95d5dc3b48237381f51d3d0aefa1']",TWD,370,1,1528207338,74,1501,False,512,906,62,,280,65536,0,normal,4900000,4900000,4900000,5900000,5900000,,5900000,False,17,17,8.3,False,,,"[{'name': 'Variation', 'options': ['白色', '亮黃', '寶藍', '深紫', '深咖', '灰色', '大紅', '粉色', '西瓜紅', '草綠', '黑色', '鵝黃', '丈青(售完)'], 'images': None, 'properties': [], 'type': 0}]",4.860714285714286,"[280, 3, 0, 4, 19, 254]",46,29,0,,,False,0,False,False,False,False,False,False,False,,False,,,,0,False,,,,,0,,,False,False,臺北市南港區,False,,True,False,,,False,,,,,,,,,,0.0,[0],,,,
14,,,,,,,,,,ogaPAQqMAWJmZi1zZWFyY2hfdHdfdHcxXzEwLjU5LjI0NC4yOV97MWY4YTFiODRjNTBhMTA0ODk1MDliYjIxZjgzNzMxMDA6MDEwMDAwNjUyMDMzMTJhYjowMDAwMDAxMGYyMGM2M2JjfV9rOHMtd29ya2VyLXR3MS1saXZlLTM3MC5zaG9wZWVtb2JpbGUuY29t,,11207552821,2439823,,,11207552821,2439823,【DIFF】韓版美背帶胸墊防走光運動背心 上衣 小可愛 女裝 背心女 衣服 冰絲背心 短板上衣 短版上衣【V130】,"[1000432, 1000140, 1000508, 1000503, 16, 1001499, 1001777, 1001779, 1002553, 1002552, 1002516, 1002936, 1002937, 1002938, 1002950, 1002949, 1002939, 1002941, 1002951, 1002952, 1003145, 1002858, 25, 1003539, 1003754, 1003926, 1002127, 1004780, 1005702, 1005703, 1005704, 1005705, 1005833, 1005837, 1005131, 1004777, 1005315]",376ea52e27484efb1c384ad5303ac52a,"['376ea52e27484efb1c384ad5303ac52a', 'f776b8723475d66cd9001701caa785fd', '58639c69b23e34740209a6db8e70109c', 'bb4c724fd99e0f7621fe707373553eb5', 'bad6bb069e7afc013443cad3bb244692', 'f98631d7fdf0aa03f1c3b89923e70f9f', 'f2c2f152b03c4c84a5119d16024bc255', '40802c859c86ee3fcaf771a8b7074bef', 'b17fe70494d732e56de399e47af54ff7', '81ac1631333e0c70cee50329073a25d2']",TWD,16561,1,1622283893,14,18,False,93,2241,62,,10,0,0,normal,6900000,6900000,6900000,19900000,19900000,,19900000,False,65,65,3.5,False,,,"[{'name': '規格', 'options': ['【V130】磚紅', '【V130】黑色', '【V130】白色'], 'images': None, 'properties': [], 'type': 0}]",5.0,"[6, 0, 0, 0, 0, 6]",3,3,0,,,False,0,False,True,True,False,True,False,False,,False,,,,0,False,,,,,0,,,False,False,臺中市西屯區,False,,False,False,,,False,,,,,,,,,,0.0,[0],2815037.0,加價購,0.0,1.0
15,,,,,,,,,,ogaPAQqMAWJmZi1zZWFyY2hfdHdfdHcxXzEwLjU5LjI0NC4yOV97MWY4YTFiODRjNTBhMTA0ODk1MDliYjIxZjgzNzMxMDA6MDEwMDAwNjUyMDMzMTJhYjowMDAwMDAxMGYyMGM2M2JjfV9rOHMtd29ya2VyLXR3MS1saXZlLTM3MC5zaG9wZWVtb2JpbGUuY29t,,2939150375,361800542,,,2939150375,361800542,【低價爆款】在台現貨🌸 春夏新款純色內搭打底衫工字吊帶背心女性感外穿港味印花無袖T恤无袖韩版女生小可愛 修身顯瘦 吊帶,"[25, 23, 1005523]",2d0b31a3eb9e692b13d27fd93bbd46fb,"['2d0b31a3eb9e692b13d27fd93bbd46fb', 'ad6dd87d523812f7a531aaeb9af7c36f', 'ddab3b467d1d5f3653487ba38a2cd325', '904d160fe14b040e89a5282ac1b69622', '2f1fa481a790e1638270dd8ce2b0e968', 'bccfb65cd84af02e1a8fc7e49a6485c9', 'efd5c39bc1259c685356ed7262c68319', 'fac6dc269e4716d3c434b9e4c774c119', 'd4dc850f2bfb5e04d1bc7ffc6b847649']",TWD,23293,1,1617609633,18,29,False,100,2609,62,自有品牌,8,65536,0,normal,12000000,12000000,15500000,-1,-1,,0,False,0,0,,False,,,"[{'name': '顏色分類', 'options': ['純T-白色', '純T-黑色', '726#白色', '726#黑色', '723#白色', '723#黑色', '729#白色', '729#黑色', '717#白色', '717#黑色', '貓咪白色', '貓咪黑色'], 'images': ['8fad9ca5160f84eddd4c0231b7aad785', '94a767273800606275511904fe00abe0', '2d0b31a3eb9e692b13d27fd93bbd46fb', 'ad6dd87d523812f7a531aaeb9af7c36f', 'efba6dbc7fdca0e9cf710e39554aa7c5', '796554f46f83eef71c5659b4b42cd34f', '7d227308ac0808e04b076f8b68d21838', '802f4a693b90895c82d859e8c849da7c', 'ea6205d5942b536be049a1bdfe7c7de5', 'efd5c39bc1259c685356ed7262c68319', 'fac6dc269e4716d3c434b9e4c774c119', 'd4dc850f2bfb5e04d1bc7ffc6b847649'], 'properties': [], 'type': 0}, {'name': '尺碼', 'options': ['M （建議47.5公斤以內）', 'L （建議55公斤以內）', 'XL （建議62.5公斤以內）', '2XL (建議70公斤以內）'], 'images': None, 'properties': [], 'type': 0}]",4.625,"[8, 0, 0, 1, 1, 6]",2,1,0,,,False,0,False,False,False,False,False,False,False,,False,,,,8522192,True,,,,,0,,,False,False,桃園市桃園區,False,,True,False,,,False,,8522192.0,6 件折 $20,,,,,,,0.0,[0],,,,
16,,,,,,,,,,ogaPAQqMAWJmZi1zZWFyY2hfdHdfdHcxXzEwLjU5LjI0NC4yOV97MWY4YTFiODRjNTBhMTA0ODk1MDliYjIxZjgzNzMxMDA6MDEwMDAwNjUyMDMzMTJhYjowMDAwMDAxMGYyMGM2M2JjfV9rOHMtd29ya2VyLXR3MS1saXZlLTM3MC5zaG9wZWVtb2JpbGUuY29t,,1785634327,9001359,,,1785634327,9001359,背心《免穿內衣》BRA T帶胸墊升級版打底衫內衣莫代爾木漿棉無鋼圈胸罩內衣女上衣【LaVie洛薇】TB0036,"[16, 1000432, 1000140, 1000508, 1000503, 1001499, 1002516, 1002858, 25, 1002127, 1004555, 1005833, 1005837, 1000028, 1000399, 1000487, 1000579, 1001808, 1000613, 1000627, 1001487, 1002234, 1002236, 1002239, 1002238, 1002240, 1002243, 1002244, 1002245, 1003368, 1003765, 1004440, 1004773, 1004849, 1005036, 1005019, 1004775, 1004776, 1005371, 1005314, 1005313, 1004777, 1005315]",af7f295a749a26e8cb73e000abd3f0cc,"['af7f295a749a26e8cb73e000abd3f0cc', 'ef508076ee9fc35d6f216c78de78e069', 'b9bd96154bb7e858f5496b1c8f4e6886', '3ff9bccf53e3bd27241de3952a138592', '3e3d3ee42ea473c3af6a5433324bae90', '434762ba55691926a2697c4640ef46ee', '84284f032163c19c43e819d2c87170b0', '559e8043ad30723313380bd00a8a8363', 'eba4a1cdc219814c16c1e0a76c83673f', '65bf66f2fa99a126fb5900138cb9406d', '49501b510e039d7e106c0f55b63d43d0', 'a7004861623f3ed994fa53e68250b792']",TWD,274,1,1545875542,63,2872,False,799,1425,62,,1027,196610,0,normal,15700000,15700000,15700000,36800000,36800000,,36800000,False,57,57,4.3,False,,,"[{'name': '選項', 'options': ['黑色', '白色', '灰色', '藍色'], 'images': ['69b22d38028b248d5e845cf2b28b73a4', 'dbab1ea37d797bd98f784b1a10146653', '7e56e20e6cee54a23dea4f52f46c8680', 'b09eca0db5c2252fe743d5591c50065a'], 'properties': [], 'type': None}, {'name': '尺碼', 'options': ['S', 'M', 'L', 'XL'], 'images': None, 'properties': [], 'type': None}]",4.927875243664717,"[1026, 1, 1, 8, 51, 965]",204,146,0,,b7e398486ef03920d7c435d856abce59,False,0,False,True,True,False,True,False,False,,True,,,,0,False,,,,,0,,,False,False,臺中市北屯區,False,,True,False,,,False,,,,,,,,,,0.0,[0],,,,
17,,,,,,,,,,ogaPAQqMAWJmZi1zZWFyY2hfdHdfdHcxXzEwLjU5LjI0NC4yOV97MWY4YTFiODRjNTBhMTA0ODk1MDliYjIxZjgzNzMxMDA6MDEwMDAwNjUyMDMzMTJhYjowMDAwMDAxMGYyMGM2M2JjfV9rOHMtd29ya2VyLXR3MS1saXZlLTM3MC5zaG9wZWVtb2JpbGUuY29t,,3449809812,298247601,,,3449809812,298247601,性感小可愛背心 露肩背心 小可愛背心 打底衫 大尺碼女裝  背心女ins潮泫雅外穿夏季内搭寬鬆设计性感露肩港味上衣仙,"[1000449, 1000508, 16, 1000138, 1001499, 1001942, 1001511, 1000553, 1002853, 1000365, 1000040, 25, 1001578, 1004576, 1005141, 1005228, 1000500, 1000572, 1000028, 23, 1005523]",b88d7422d0c6f45f262131c3f0c6342e,"['b88d7422d0c6f45f262131c3f0c6342e', '100b0ada26598597a9c34ed185e495cf', 'beb5c0f6e763498f00ed521c88be794d', 'c743539c71c6907cb5dd4f097adaccf6', 'a8c16bb2092e263bc78e44d954d8f3ac', '7859bf064ced42757120ce3a151e9370', '426b92804100aa20aef76b4f83f39c75', '11aaa55501df1717c15209172d546896', '99f70f53fceb877d62686dc9dbbcc896']",TWD,24958,1,1598748916,20,49,False,54,732,62,,15,196608,1,normal,10000000,10000000,10000000,-1,-1,,0,False,0,0,,False,7b8162bbba36b04415d997b80bba2035,,"[{'name': '颜色分类', 'options': ['白色', '浅蓝色', '粉红色', '黑色', '米白色'], 'images': ['b88d7422d0c6f45f262131c3f0c6342e', 'd208ab02d327a3220a083bd7c0ea9463', 'd7085b7af14faa58e60e8164ac09ffe2', '99f70f53fceb877d62686dc9dbbcc896', 'a8c16bb2092e263bc78e44d954d8f3ac'], 'properties': [], 'type': 0}, {'name': '尺码', 'options': ['S', 'M', 'L', 'XL', '2XL'], 'images': None, 'properties': [], 'type': 0}]",5.0,"[14, 0, 0, 0, 0, 14]",4,3,0,,,False,0,False,False,False,False,False,False,False,,False,,,,0,False,,,,,0,,,False,False,中國大陸,False,,True,False,,,False,,,,,,,,,,0.0,[0],,,,
18,,,,,,,,,,ogaPAQqMAWJmZi1zZWFyY2hfdHdfdHcxXzEwLjU5LjI0NC4yOV97MWY4YTFiODRjNTBhMTA0ODk1MDliYjIxZjgzNzMxMDA6MDEwMDAwNjUyMDMzMTJhYjowMDAwMDAxMGYyMGM2M2JjfV9rOHMtd29ya2VyLXR3MS1saXZlLTM3MC5zaG9wZWVtb2JpbGUuY29t,,6283446378,310182917,,,6283446378,310182917,學生背心女黑色外穿韓版短款百搭無袖背心運動露肚臍內穿打底衫吊帶女,"[25, 1004777, 1005315]",b906eddd77175f9926164a77936ce169,"['b906eddd77175f9926164a77936ce169', 'b4a5ada135d769ab24517f7791a1c3bf', 'b399ed6e145a92f776334ae244588dc7', '49dae140236da103a326b5a3c6c4945f', 'a7577d79a01cebe847a22d3f6eb6cfe7', 'baa048f83cd964044b7ead8da09a49f3', 'adf8c25e97f07693ab0f682e4a3830c9', 'b1185b5b630d5af9759b3b5b4161e963', 'ce4b07d9f0d0f4544b639a07d07da1fc']",TWD,24915,1,1616749406,16,165,False,115,1425,62,自有品牌,21,65536,0,normal,5900000,5900000,5900000,10500000,10500000,,10500000,False,44,44,5.6,False,,,"[{'name': '顏色', 'options': ['黑色', '白色', '灰色', '粉色'], 'images': ['b399ed6e145a92f776334ae244588dc7', '49dae140236da103a326b5a3c6c4945f', 'adf8c25e97f07693ab0f682e4a3830c9', 'b1185b5b630d5af9759b3b5b4161e963'], 'properties': [], 'type': 0}, {'name': '尺碼', 'options': ['S', 'M', 'L', 'XL'], 'images': None, 'properties': [], 'type': 0}]",4.809523809523809,"[21, 0, 0, 1, 2, 18]",4,1,0,,,False,0,False,False,False,False,False,False,False,,False,,,,0,False,,,,,0,,,False,False,桃園市楊梅區,False,,True,False,,,False,,,,,,,,,,0.0,[0],,,,
19,,,,,,,,,,ogaPAQqMAWJmZi1zZWFyY2hfdHdfdHcxXzEwLjU5LjI0NC4yOV97MWY4YTFiODRjNTBhMTA0ODk1MDliYjIxZjgzNzMxMDA6MDEwMDAwNjUyMDMzMTJhYjowMDAwMDAxMGYyMGM2M2JjfV9rOHMtd29ya2VyLXR3MS1saXZlLTM3MC5zaG9wZWVtb2JpbGUuY29t,,6562019616,303608608,,,6562019616,303608608,【虧本沖量】現貨24小時發貨純色小可愛百搭背心吊帶韓版吊帶背心抹胸裹胸女百搭顯瘦純色打底上衣基礎款顯瘦下可愛細肩帶必備防,"[1000449, 1000508, 16, 1001499, 1001942, 1000040, 1000365, 1001511, 1000553, 25, 1002853, 1001578, 1004527, 1004576, 1005141, 1005228, 1002188, 1002393, 1002825, 1004418, 1000028, 1004685, 1004773, 1000145, 23, 1004850, 1005523]",d3e235c4fd8ca9ce2eabd5cadace1df1,"['d3e235c4fd8ca9ce2eabd5cadace1df1', 'a4630dddaf27450faefd724589f9ecbb', 'f67420a225928b589666212d0aa1e389', '1752104a3186c21fafcff76a580e056e', 'e7e6b35bfb9fb1cc1eb64a8652ecfa63', '984a182c42fc2c68e59d56c15c7cf483', 'f42a533e69633b217be10d54c8f4377d', '0a307951496e4e03feea5bad282d0f92', 'ceddbe9d60b19f7d82c1299e0cf11f12']",TWD,795,1,1604976912,63,386,False,160,7979,62,,65,196608,1,normal,900000,900000,900000,59200000,59200000,,59200000,False,98,98,0.2,False,,,"[{'name': '顏色', 'options': ['杏色', '灰色', '白色（推薦）', '黑色 ', '米白 ', '咖色 （推薦）', '皮粉', '粉色（推薦）'], 'images': ['9764dd1572f92544465d21f96d88d98d', '9bd4d06e4f2139b87e4a82b117a5e58b', 'cb517516e2201ae905169af9bdae6f5b', '09e8308b8007b1a2414c6096fde4f4eb', '90fbb732a518ece573cbb58ed120eb97', '9148c8757eb4b91a599dfeeec6331399', 'f4d50485556c9cecc0c84b92fee009f8', '53a202263c6dc6bc80be40897ecb8d08'], 'properties': [], 'type': 0}]",4.953846153846154,"[65, 0, 0, 0, 3, 62]",15,16,0,,f1a3a12d9731c6f13c5d26c2afec3cf0,False,0,False,False,False,False,False,False,False,,False,,,,0,False,,,,,0,,,False,False,中國大陸,False,,True,False,,,False,,,,,,,,,,0.0,[0],,,,
20,,,,,,,,,,ogaPAQqMAWJmZi1zZWFyY2hfdHdfdHcxXzEwLjU5LjI0NC4yOV97MWY4YTFiODRjNTBhMTA0ODk1MDliYjIxZjgzNzMxMDA6MDEwMDAwNjUyMDMzMTJhYjowMDAwMDAxMGYyMGM2M2JjfV9rOHMtd29ya2VyLXR3MS1saXZlLTM3MC5zaG9wZWVtb2JpbGUuY29t,,8053818968,253010099,,,8053818968,253010099,【限時特賣】L-4XL大尺碼吊帶背心女夏裝新款寬鬆字母印花無袖打底衫上衣,"[16, 1000449, 1000140, 1000508, 1, 1001522, 1001521, 1001499, 1001942, 1001511, 1000553, 1003539, 25, 1004576, 1001578, 1004846, 1004673, 1004778, 1004779, 1004780, 1005141, 1005228, 1005132, 1004777, 1005315]",1d3265265480274ba29cdcb4c2a47c9d,"['1d3265265480274ba29cdcb4c2a47c9d', 'a07d7843cb07ac0cbf8d20f0d8400218', '431d57ca5e93f4aa83931267e6907156', '6585f782608e43106e304c192d68281c', 'cc1b6fbc0f48462a377859dac5d99a1d', 'd7ceba8ad7f5b838b2f59bd959ce8efa', 'ba942e0eb303129647f465d2ec10c6d9', 'e9f6478061c960090dc49adfa42e61eb']",TWD,19679,1,1620733312,20,29,False,94,2755,62,,12,65536,1,normal,9900000,9900000,9900000,27800000,27800000,,27800000,False,64,64,3.6,False,,,"[{'name': '顏色分類', 'options': ['黑色（優質面料）', '咖啡（優質面料）', '灰色（優質面料）', '白色（優質面料）'], 'images': ['7861e6b693329c3769d9c4d8a2386d17', '944a68d095c42624197984d6113be7d5', 'cc1b6fbc0f48462a377859dac5d99a1d', '1923d23007fa5ba0a673eeecca39f87f'], 'properties': [], 'type': 0}, {'name': '尺碼', 'options': ['L建議125斤以內', 'XL建議62-72kg', '2XL建議72-82kg', '3XL建議82-92kg', '4XL建議92-110kg'], 'images': None, 'properties': [], 'type': 0}]",4.818181818181818,"[11, 0, 0, 0, 2, 9]",2,1,0,,,False,0,True,False,False,True,False,False,False,,False,,,,0,False,,,,,0,,,False,False,中國大陸,False,,True,False,,,False,,,,,,,,,,0.0,[0],3387936.0,加價購,0.0,1.0
21,,,,,,,,,,ogaPAQqMAWJmZi1zZWFyY2hfdHdfdHcxXzEwLjU5LjI0NC4yOV97MWY4YTFiODRjNTBhMTA0ODk1MDliYjIxZjgzNzMxMDA6MDEwMDAwNjUyMDMzMTJhYjowMDAwMDAxMGYyMGM2M2JjfV9rOHMtd29ya2VyLXR3MS1saXZlLTM3MC5zaG9wZWVtb2JpbGUuY29t,,2602935000,165649753,,,2602935000,165649753,美背背心 小可愛背心 小背心 含棉無袖t恤女夏季新款韓版寬鬆外穿港風背心百搭心機上衣潮,"[16, 1000449, 1000140, 1000508, 1001499, 1001777, 1001779, 1001942, 1002553, 1002552, 1002516, 1001511, 1000553, 1003145, 1002857, 1003539, 1003754, 1002127, 25, 1004527, 1004780, 1005702, 1005703, 1005704, 1005705, 1005141, 1005833, 1005228, 1005837, 1005132, 1000197, 1000289, 1000335, 1000364, 1000453, 1000463, 1000487, 1000620, 1002188, 1002393, 1002825, 1003368, 1003376, 1004418, 1004440, 1004773, 1004850, 1004775, 1004776, 1005371, 1005314, 1005313, 1004777, 1005315]",af83c9ba0d3407094265057fbc414faa,"['af83c9ba0d3407094265057fbc414faa', 'a8c5001249de50891b8e3b2d350ce058', 'b74d16977a12a037e4b48a96e5f3fe73', '3a9abb3758d99e779417310781e399b5', '0ca081e475fdcc8a36928e3ab4016588', '9d6952f05825f6c342f07fbf17dedcf2', '119664d9dfba73a389e24d0e6bd72944', '209f4d4df93a6a8c88575535d97ee309', 'c5da67b0d8127b927aba0fb8ce025cf2']",TWD,19966,1,1564834307,19,1051,False,1718,2315,62,,375,196608,1,normal,12700000,12700000,16200000,21100000,27000000,,21100000,False,40,40,6,False,c5da67b0d8127b927aba0fb8ce025cf2,,"[{'name': '顏色', 'options': ['612#軍綠色（破洞款）', '612#藍色（破洞款）', '612#黑色（破洞款）', '612#白色（破洞款）', '613#灰色', '613#白色', '613#藍色', '613#黑色'], 'images': ['3a6c20ed24f5bc8d8dbf061b364299b9', '209f4d4df93a6a8c88575535d97ee309', 'a8c5001249de50891b8e3b2d350ce058', '119664d9dfba73a389e24d0e6bd72944', 'b74d16977a12a037e4b48a96e5f3fe73', '3a9abb3758d99e779417310781e399b5', '9d6952f05825f6c342f07fbf17dedcf2', '0ca081e475fdcc8a36928e3ab4016588'], 'properties': [], 'type': 0}, {'name': '尺碼', 'options': ['S', 'M', 'L', 'XL', '2XL'], 'images': None, 'properties': [], 'type': 0}]",4.792,"[375, 6, 2, 7, 34, 326]",72,44,0,,,False,0,False,True,True,False,True,False,False,,False,,,,8057096,True,,,,,0,,,False,False,中國大陸,False,,True,False,,,False,,8057096.0,3 件 9.5折,,,,,,,0.0,[0],,,,
22,,,,,,,,,,ogaPAQqMAWJmZi1zZWFyY2hfdHdfdHcxXzEwLjU5LjI0NC4yOV97MWY4YTFiODRjNTBhMTA0ODk1MDliYjIxZjgzNzMxMDA6MDEwMDAwNjUyMDMzMTJhYjowMDAwMDAxMGYyMGM2M2JjfV9rOHMtd29ya2VyLXR3MS1saXZlLTM3MC5zaG9wZWVtb2JpbGUuY29t,,8032123644,267091082,,,8032123644,267091082,【Girlsoul】黑色背心女 無袖背心 吊帶背心 韓系小吊帶女 夏天短款吊帶 外穿吊帶 潮美背內搭 純色打底上衣,"[16, 1000140, 1000508, 1000503, 1001499, 25, 1004845, 1004778, 1004779, 1004780, 1005131, 1004775, 1004776, 1005371, 1005314, 1005313, 1004777, 1005315]",ca253a4fafd03da8c583128a135230ec,"['ca253a4fafd03da8c583128a135230ec', '4782d6267207fb0e55eeed691960d465', '6742578a40ebf37c6ceb818e3b899337', '14c207fe6ef0b6d07ef5df182fbb73e3', '1ebc79d777a78fd21fb6a829d7cc9265']",TWD,19969,1,1616728237,2,20,False,95,1079,62,,6,0,0,normal,7300000,7300000,7300000,9700000,9700000,,9700000,False,25,25,7.5,False,,,"[{'name': '顏色', 'options': ['白色', '黑色'], 'images': None, 'properties': [], 'type': 0}, {'name': '尺碼', 'options': ['均碼'], 'images': None, 'properties': [], 'type': 0}]",4.666666666666667,"[6, 0, 0, 0, 2, 4]",0,0,0,,,False,0,False,False,False,False,False,False,False,,False,,,,8732320,True,,,,,0,,,False,False,桃園市桃園區,False,,False,False,,,False,,8732320.0,2 件折 $10,81227682.0,GIRL30,滿額折$30,,,,0.0,[0],,,,
23,,,,,,,,,,ogaPAQqMAWJmZi1zZWFyY2hfdHdfdHcxXzEwLjU5LjI0NC4yOV97MWY4YTFiODRjNTBhMTA0ODk1MDliYjIxZjgzNzMxMDA6MDEwMDAwNjUyMDMzMTJhYjowMDAwMDAxMGYyMGM2M2JjfV9rOHMtd29ya2VyLXR3MS1saXZlLTM3MC5zaG9wZWVtb2JpbGUuY29t,,5431000382,1621896,,,5431000382,1621896,螺紋工字女生背心 棉質背心女背心  糖果色舒適彈力百搭款 內搭打底 U領無袖 A117,"[16, 1000140, 1000508, 1000503, 1001499, 25, 1002127, 1004555, 1005833, 1005837, 1000028]",b1ec98209ef5d94a9462e0e38cc43de6,"['b1ec98209ef5d94a9462e0e38cc43de6', '92d05c98e3cabe63ab2b39c3d52bb984', '547ee3495d3f17ad8878e9bc589ed77e', '41feb58df849aa03bde0b3dc7eb46f37', '18b6c92030fb2bdbce45776815b34bc2', '47a2aac2e016d2e43bb8edd31fd0a182', '03aa7148c9936e6323d23f0d3f67df7a', '80bd6fece51aa49b9fac25018f73c300', '5c07a66c91e835520a51de872ac42c34']",TWD,312,1,1587619590,49,287,False,101,1398,62,,64,196608,0,normal,4500000,4500000,4500000,-1,-1,,0,False,0,0,,False,,,"[{'name': 'Variation', 'options': ['黑色', '寶藍', '白色', '黃色', '深灰'], 'images': None, 'properties': [], 'type': 0}]",4.875,"[64, 0, 0, 2, 4, 58]",10,9,0,,,False,0,False,False,False,False,False,False,False,,False,,,,0,False,,,,,0,,,False,False,臺中市西屯區,False,,True,False,,,False,,,,,,,,,,0.0,[0],,,,
24,,,,,,,,,,ogaPAQqMAWJmZi1zZWFyY2hfdHdfdHcxXzEwLjU5LjI0NC4yOV97MWY4YTFiODRjNTBhMTA0ODk1MDliYjIxZjgzNzMxMDA6MDEwMDAwNjUyMDMzMTJhYjowMDAwMDAxMGYyMGM2M2JjfV9rOHMtd29ya2VyLXR3MS1saXZlLTM3MC5zaG9wZWVtb2JpbGUuY29t,,4480731100,7612288,,,4480731100,7612288,【nina.】夏日微辣修身小吊帶交叉扭結細肩bra背心 小可愛 上衣 背心 女裝 百搭素色 必備款 衣服 素T女 有胸墊,"[25, 1000503, 1004845, 1004685, 1004775, 1004776, 1005371, 1005314, 1005313, 1000028, 23]",7289554ec424e87e1bdcb1d44f9f82fc,"['7289554ec424e87e1bdcb1d44f9f82fc', 'aa315bee6f56d023ec8936fe9e39cfab', 'd429f1593b09a1d9fe073ef65d5f8082', 'dbf1a1ac25a82f554b8975572ed22303', '44ecff9f1c0e970dc2d93748cfdbcbd7', '94f20eef8ccc0e24600753f97f97f13f', '5b438a032c8bceae28025500c65d4aae', '4bf8883d78faab90b859f9eb076f429f', 'aab43666098240a88de4cb72e27163cf']",TWD,444,1,1614934004,542,1483,False,2868,27418,62,自有品牌,278,65536,0,normal,8800000,8800000,8800000,17000000,17000000,,17000000,False,48,48,5.2,False,,,"[{'name': '顏色', 'options': ['白', '黑', '灰', '紅', '卡', '黃'], 'images': ['aa315bee6f56d023ec8936fe9e39cfab', '3d627539af2f23f87bd68cff5f713196', '83f144a7b3f79c8e91ba7029de8f9a39', '02cf4fec561d7bdbfa17c7683e4060af', 'f1e6541c33e290333fc39be95ba4ec4f', '4ba597ecfdfe48f62bd03906b07d49e4'], 'properties': [], 'type': 0}]",4.741007194244604,"[278, 4, 3, 12, 23, 236]",73,39,0,,,False,0,False,False,False,False,False,False,False,,False,,,,0,False,,,,,0,,,False,False,臺南市安南區,False,,True,False,,,False,,,,,,,,,,0.0,[0],,,,
25,,,,,,,,,,ogaPAQqMAWJmZi1zZWFyY2hfdHdfdHcxXzEwLjU5LjI0NC4yOV97MWY4YTFiODRjNTBhMTA0ODk1MDliYjIxZjgzNzMxMDA6MDEwMDAwNjUyMDMzMTJhYjowMDAwMDAxMGYyMGM2M2JjfV9rOHMtd29ya2VyLXR3MS1saXZlLTM3MC5zaG9wZWVtb2JpbGUuY29t,,6252686546,69691361,,,6252686546,69691361,★adidas Originals vest 三葉草 愛迪達 無袖 吊嘎 黑 白 大logo 背心女 休閒背心  基礎款,"[16, 1000140, 1000508, 25, 1001499, 1004440, 1004773, 1004850, 1004775, 1004776, 1005371, 1005314, 1005313, 1004777, 1005315]",301087816c27c56b4bfaa9e1a65a1665,"['301087816c27c56b4bfaa9e1a65a1665', '72fdb1e7b139bb9161ba9a6ffb1027a0', 'e81759d5a35247486ef5ab2cbf8fe829', '7133e0f9f624af3459ca6a89cc855bad', 'cefc7ffc970dc924fbc8d6fdeb62bcb8', 'dcdeda0af5c9816d2012de438101c0ab', '064f7efc7590a356a7b276a944cceaf4']",TWD,1511,1,1600238990,68,187,False,204,2532,62,自有品牌,63,65536,0,normal,19900000,19900000,19900000,39800000,39800000,,39800000,False,50,50,5,False,fdaa4d48e7860e8c623fc14e0f3ebbf4,,"[{'name': '顏色', 'options': ['黑色', '白色'], 'images': None, 'properties': [], 'type': 0}, {'name': 'size', 'options': ['S', 'M', 'L', 'XL'], 'images': None, 'properties': [], 'type': 0}]",4.841269841269841,"[63, 0, 0, 3, 4, 56]",10,6,0,,,False,0,False,False,False,False,False,False,False,,False,,,,0,False,,,,,0,,,False,False,臺北市中正區,False,,True,False,,,False,,,,,,,,,,0.0,[0],,,,
26,,,,,,,,,,ogaPAQqMAWJmZi1zZWFyY2hfdHdfdHcxXzEwLjU5LjI0NC4yOV97MWY4YTFiODRjNTBhMTA0ODk1MDliYjIxZjgzNzMxMDA6MDEwMDAwNjUyMDMzMTJhYjowMDAwMDAxMGYyMGM2M2JjfV9rOHMtd29ya2VyLXR3MS1saXZlLTM3MC5zaG9wZWVtb2JpbGUuY29t,,2602932558,165649753,,,2602932558,165649753,韓版小可愛背心小可愛背心女新款夏季ins潮無袖t恤外穿運動打底上衣,"[16, 1000449, 1000140, 1000508, 1001499, 1001777, 1001779, 1001942, 1002553, 1002552, 1002516, 1001511, 1000553, 1003145, 1002857, 1003539, 1003754, 1002127, 25, 1004527, 1004780, 1005702, 1005703, 1005704, 1005705, 1005141, 1005833, 1005228, 1005837, 1005132, 1000453, 1000463, 1000620, 1002188, 1002393, 1002825, 1003368, 1003376, 1004440, 1004773, 1004850, 1004775, 1004776, 1005371, 1005314, 1005313, 1004777, 1005315]",7b3606f6717cd10402784c5dc841931a,"['7b3606f6717cd10402784c5dc841931a', '7143adcb9a1d48ef0fb5dcdd4ee5de69', '2a2e6a3ff49a05882042f1f19b52498a', 'f79731bb3835b483442c3d9a39e140d5', '2547d19faf5689bdf488793419f994e5', '3dd839582bcb9fc3f6316dda8da94a62', 'dce5068d1f9753849b5f96a8e7f03a40', 'e5d4ef46864f4a0324f2d5ea39a8dedb']",TWD,23548,1,1564834270,39,415,False,367,1153,62,,124,196608,1,normal,11300000,11300000,17600000,18700000,29300000,,18700000,False,40,40,6,False,43539d1d83c1173ff281c3831e415626,,"[{'name': '顏色', 'options': ['0302鹿頭白色', '0302純白色', '0302紅心字母白色', '0302MISSYOU白色', '0302辮子白色', '0302小兔子白色', '0302翹辮女孩白色', '0302PARIS白色', '0302小伙伴白色', '0302剪刀手女孩白色', '0302黑帽子女孩白色', '0302黃眼鏡女孩白色', '0302黑眼鏡女孩白色', '0302鹿頭黑色', '0302紅心字母黑色', '0302MISSYO黑色', '0302小兔子黑色', '0302翹辮女孩黑色', '0302PARIS黑色', '0302小伙伴黑色'], 'images': ['47ad11b8eddb07483eda33697334c818', 'f79731bb3835b483442c3d9a39e140d5', '9c5c534ea46d5fb32b0cca306f106e9e', 'ab3bb00d2c311bcc65fb92587cf2de79', 'ccd5701da3882aa1f53134143c87c4f3', 'f8dbc88903ce17b0a1dd004282246bb6', '57939295297f5058e9d1af062726efc3', 'ef63abb9c8c85b6e456f87cd201a3efb', 'aaa18d92444eab97cba92a20d58515ae', '602c4891d7f661195503b62b0f97bd4f', '57fc2565b669e3a7a4f3da01a5022509', '6136a45a93c11e6f2b9bd719604a6c33', '9b9e66ee797c436c4205d7563a6ee8ef', 'b79d8386756fe987c143c9bd1a0e3992', '4f55fd31fdd107134a18e51c90e3f6d8', 'fd2a8c0a2068a223d01bcf00a7cb43d0', '2547d19faf5689bdf488793419f994e5', 'e5d4ef46864f4a0324f2d5ea39a8dedb', 'dce5068d1f9753849b5f96a8e7f03a40', '1e5496969d7e7150b2772610ea91cfb6'], 'properties': [], 'type': 0}, {'name': '尺碼', 'options': ['S-3XL碼數均有貨 下單備註或聯繫客服'], 'images': None, 'properties': [], 'type': 0}]",4.701612903225806,"[124, 2, 1, 8, 10, 103]",20,11,0,,,False,0,False,True,True,False,True,False,False,,False,,,,0,False,,,,,0,,,False,False,中國大陸,False,,True,False,,,False,,,,,,,,,,0.0,[0],,,,
27,,,,,,,,,,ogaPAQqMAWJmZi1zZWFyY2hfdHdfdHcxXzEwLjU5LjI0NC4yOV97MWY4YTFiODRjNTBhMTA0ODk1MDliYjIxZjgzNzMxMDA6MDEwMDAwNjUyMDMzMTJhYjowMDAwMDAxMGYyMGM2M2JjfV9rOHMtd29ya2VyLXR3MS1saXZlLTM3MC5zaG9wZWVtb2JpbGUuY29t,,4551216182,301395882,,,4551216182,301395882,現貨 白色短袖t恤女 夏季新款兩件套 背心+短袖T恤上衣 短款高腰寬鬆露臍上衣 網紅ins泫雅風 女生短袖上衣 短版上衣,"[1004778, 1004779, 1004780, 1003782, 1004775, 1004776, 1005371, 1005314, 1005313, 1004777, 1005315]",51fcb69220f5d68444f63529a48166fa,"['51fcb69220f5d68444f63529a48166fa', '181c114ffc5988b42d37fabcea0ee090', 'abafc22e54857d8ef77c96574cb78dda', '270242b05b65783b0a96a741de1fe0d4', '8a27e44c5022dc7959181105c0867d23', '55d497add7f319da5b31810a699e4c55', '636dca2e341efb775c8f010dc4270809', '2ae19ec1b799edc9236dc62069f32748', '5ee50b687d45e780e494318877d77c1b']",TWD,14438,1,1599399515,68,478,False,1364,7833,62,,177,65536,0,normal,12000000,12000000,17100000,27900000,39600000,,27900000,False,57,57,4.3,False,,,"[{'name': '顏色', 'options': ['973#白T+黑背心【兩件裝】', '973#白T【單件】', '973#黑背心【單件】'], 'images': ['51fcb69220f5d68444f63529a48166fa', '5ee50b687d45e780e494318877d77c1b', '55d497add7f319da5b31810a699e4c55'], 'properties': [], 'type': 0}, {'name': '尺碼', 'options': ['S（30-42kg）', 'M （42-52kg）', 'L（52-60kg）', 'XL（60-67kg）', '2XL（67-80kg）'], 'images': None, 'properties': [], 'type': 0}]",4.7727272727272725,"[176, 0, 3, 3, 25, 145]",29,10,0,,,False,0,False,False,False,False,False,False,False,,False,,,,0,False,,,,,0,,,False,False,臺北市大同區,False,,True,False,,,False,,,,83350731.0,L5XS10,滿額折$10,,,,0.0,[0],,,,
28,,,,,,,,,,ogaPAQqMAWJmZi1zZWFyY2hfdHdfdHcxXzEwLjU5LjI0NC4yOV97MWY4YTFiODRjNTBhMTA0ODk1MDliYjIxZjgzNzMxMDA6MDEwMDAwNjUyMDMzMTJhYjowMDAwMDAxMGYyMGM2M2JjfV9rOHMtd29ya2VyLXR3MS1saXZlLTM3MC5zaG9wZWVtb2JpbGUuY29t,,6741502701,261890091,,,6741502701,261890091,夏裝時尚個性韓版印花無袖背心女外穿修身內搭小吊帶打底百搭上衣,"[16, 1000449, 1000140, 1000508, 1000138, 1001499, 1001942, 1000553, 1000365, 1000040, 1001578, 1004772, 1004778, 1004779, 1004780, 1001511, 1005141, 1005228, 25, 1005132, 1004775, 1004776, 1005371, 1005314, 1005313, 1000028, 1004777, 1005315]",3df90d72b01306abd71e745ad8e3e05c,"['3df90d72b01306abd71e745ad8e3e05c', '75e86cf89fa1aa29c3a810726550add8', 'ad538e973db37dd8387f4baf8a9b113d', '5d9738d748c980ffd3cb13de67a923a4', '54773eacc0a9064216777c238be0002c', '2140f5a7455822a3d673c4576555494a', 'e3cb8ad45eeae6632a17db39b36b2f9a', 'eacb24c428f46a87bae3d3e59f2f942a', '38414fef7f3318c8b91c9048ccadf2ee']",TWD,4980,1,1594284478,2,14,False,5,103,62,,9,196608,1,normal,11500000,11500000,11500000,18100000,18100000,,18100000,False,36,36,6.4,False,,,"[{'name': '顏色', 'options': ['圖片色'], 'images': ['3df90d72b01306abd71e745ad8e3e05c'], 'properties': [], 'type': 0}, {'name': '尺碼', 'options': ['S 建議80-95斤', 'M 建議95-110斤', 'L 建議110-120斤', 'XL 建議120-130斤', '2XL 建議130-145斤'], 'images': None, 'properties': [], 'type': 0}]",5.0,"[9, 0, 0, 0, 0, 9]",0,0,0,,,False,0,True,False,False,True,False,False,False,,False,,,,0,False,,,,,0,,,False,False,中國大陸,False,,True,False,,,False,,,,,,,,,,0.0,[0],,,,
29,,,,,,,,,,ogaPAQqMAWJmZi1zZWFyY2hfdHdfdHcxXzEwLjU5LjI0NC4yOV97MWY4YTFiODRjNTBhMTA0ODk1MDliYjIxZjgzNzMxMDA6MDEwMDAwNjUyMDMzMTJhYjowMDAwMDAxMGYyMGM2M2JjfV9rOHMtd29ya2VyLXR3MS1saXZlLTM3MC5zaG9wZWVtb2JpbGUuY29t,,1452465566,77747676,,,1452465566,77747676,都奉順 美背背心 小可愛 細肩帶背心 B6 小心機 交叉露背 上衣 短款 露臍 吊帶背心 女外穿,"[16, 1000432, 1000140, 1000508, 1001499, 1002936, 1002937, 1002938, 1002946, 1002951, 1002952, 25, 1003539, 1002127, 1003936, 1004555, 1004846, 1005702, 1005703, 1005704, 1005705, 1005833, 1005837, 1000197, 1000279, 1000381, 1000399, 1000487, 1000579, 1001270, 1001780, 1001784, 1001808, 1001500]",e869b93780fc7404d2ee124fbc5dc54d,"['e869b93780fc7404d2ee124fbc5dc54d', 'f26a7d9fb24bd6771a1f775ce4cdba95', '250d0325b8610d7cd27b9b191e06a684', '7ec638e98a68ba833af7821d47b62e2c', '5e4213fc34f54b066a87c36c8f571950', '461bece78309deed5f3ddcb0e11fa88a', 'dc638f22c369be3624debb325822453b', '52e7c7716e26b5872cc105eb901d0f86', '9e58bdd21f1b77a49502a33908edfe91']",TWD,6235,1,1535614881,62,4391,False,3526,2721,62,,1195,196608,0,normal,8900000,8900000,8900000,-1,-1,,0,False,0,0,,False,f26a7d9fb24bd6771a1f775ce4cdba95,"[{'video_id': 'e106953568c628e0a6a89a7002a55180', 'thumb_url': 'c77919c9dd71de45e0fcaf11545612ab', 'duration': 27, 'version': 1, 'vid': None, 'formats': [], 'default_format': None}]","[{'name': '顏色', 'options': ['都奉順 - 灰色', '都奉順 - 粉色', '都奉順 - 咖啡色', '都奉順 - 果綠色', '都奉順莫代爾材質 - 黑色', '都奉順莫代爾材質 - 灰色', '都奉順莫代爾材質 - 白色', '都奉順莫代爾材質 - 紅色', '都奉順莫代爾材質 - 卡其色'], 'images': ['d2d16e3384204cb87a585c281966dc4e', 'bf030571efc16c61d9f63b50f0fb275c', '1d209f5f65039ea418c6eba9dcd64725', 'e6902ff7887f12348eb1743e84b48dc9', 'c8238369ed3ebcd34eff6a98b5c70aaa', '337c14f93032ee75dd310dbdee96c116', '696853625d5eb2e661df26ab1b29210e', '80665d2ae4777b5b5795f7853b41232a', 'caf60d1d39d7aa43d1d1516b3bb525bc'], 'properties': [], 'type': 0}]",4.845317725752508,"[1196, 7, 6, 22, 95, 1066]",245,189,0,,,False,0,False,False,False,False,False,False,False,,False,,,,0,False,,,,,0,,,False,False,彰化縣社頭鄉,False,,True,False,,,False,,,,,,,,,,0.0,[0],,,,
30,,,,,,,,,,ogaPAQqMAWJmZi1zZWFyY2hfdHdfdHcxXzEwLjU5LjI0NC4yOV97MWY4YTFiODRjNTBhMTA0ODk1MDliYjIxZjgzNzMxMDA6MDEwMDAwNjUyMDMzMTJhYjowMDAwMDAxMGYyMGM2M2JjfV9rOHMtd29ya2VyLXR3MS1saXZlLTM3MC5zaG9wZWVtb2JpbGUuY29t,,7022639891,26493322,,,7022639891,26493322,[多件優惠]針織背心 背心 無袖背心 冰絲針織小可愛背心女黑色內搭無袖t恤韓版百搭上衣外穿,"[1000513, 1000510, 1000140, 1000508, 1000449, 16, 1, 1001522, 1001521, 1001499, 1001777, 1001779, 1001942, 1002553, 1002552, 1002516, 1001511, 1000553, 1003145, 1002857, 25, 1003539, 1003754, 1002127, 1004527, 1004846, 1004778, 1004779, 1004780, 1005132, 1005141, 1005833, 1005228, 1005837, 1000289, 1000335, 1000339, 1000364, 1000579, 1000620, 1001808, 1003368, 1003376, 1000028, 1004775, 1004776, 1005371, 1005314, 1005313, 1004777, 1005315]",8a755c0a17ffece6f4cadadc62231389,"['8a755c0a17ffece6f4cadadc62231389', 'fc0a6d1371acb069ce6fa19d8e5f3e15', '500eea5c724ed1e88f8403effcda6204', '27362b38771cc7f2ccf9f14ca44fcb3f', '116270843386f90b400fbebfc2a3b71f', '47315268bfc76ead437ce7b9ac8a187c', '193f78197785939e7c392e285a305ff0', '3f6ca3051a93d7b4ba999bdb022db7b8', 'bbc4e9d0080fb3516707b3d2d122991f']",TWD,79622,1,1585557720,21,1138,False,497,852,62,,247,196608,1,normal,6900000,6900000,6900000,10800000,10800000,,10800000,False,36,36,6.4,False,,"[{'video_id': '67312de54a3089e90debc994b0a60e1d', 'thumb_url': '179693da4589f34be7550dcf6566ec52', 'duration': 15, 'version': 1, 'vid': None, 'formats': [], 'default_format': None}]","[{'name': '顏色', 'options': ['白色', '黑色', '黄色', '粉色', '蓝色', '卡其色', '杏色', '橘色'], 'images': None, 'properties': [], 'type': 0}, {'name': '尺碼', 'options': ['均码'], 'images': None, 'properties': [], 'type': 0}]",4.854251012145749,"[247, 2, 1, 6, 13, 225]",78,58,0,,,False,0,False,True,True,False,True,False,False,,False,,,,0,False,,,,,0,,,False,False,中國大陸,False,,True,False,,,False,,,,,,,,,,0.0,[0],,,,
31,,,,,,,,,,ogaPAQqMAWJmZi1zZWFyY2hfdHdfdHcxXzEwLjU5LjI0NC4yOV97MWY4YTFiODRjNTBhMTA0ODk1MDliYjIxZjgzNzMxMDA6MDEwMDAwNjUyMDMzMTJhYjowMDAwMDAxMGYyMGM2M2JjfV9rOHMtd29ya2VyLXR3MS1saXZlLTM3MC5zaG9wZWVtb2JpbGUuY29t,,4181978444,285399055,,,4181978444,285399055,【3月新品】現貨24小時發小可愛吊帶背心女冰絲小內搭西裝打底港味針織外穿潮胖mm上衣小可愛吊帶基礎款防走光背心,"[1000449, 1000140, 1000508, 16, 1000138, 1001499, 1001942, 1000040, 1000365, 1000553, 25, 1001511, 1004527, 1005141, 1005228, 1000028, 1004775, 1004776, 1005371, 1005314, 1005313, 1004777, 1005315]",ed4b44c42e124b5d3cdf3109b9bdfefd,"['ed4b44c42e124b5d3cdf3109b9bdfefd', 'd35bd664e3e3077d141eca161c057d95', '3e835b033367ebaee0308920dea4a27d', '3d3cbcf71ed6a61edabc961c8a11ff79', 'c79559e1b1cb5a66f60494226c6263a2', 'c23ecba74d99a8607027366d0583be09', '666b5582f5420939babb8c6606442f27', '341c5b5b39a22ef7ebca91097177f46b', 'aee81aa3d869b88b9a77368d74db4bcd']",TWD,450,1,1615803054,21,43,False,20,631,62,,21,196608,1,normal,9900000,9900000,9900000,13800000,13800000,,13800000,False,28,28,7.2,False,,,"[{'name': '顏色', 'options': ['白色', '黑色', '卡其色', '杏色', '磚紅'], 'images': ['315c3c4388991f9903dafe892ad5cf26', 'a6a3a7527d93a597c3e5b51028ee102a', 'eaf4533445dd57b716016aa46213148e', '4aedace0383a671878c9addae35ef149', '3e835b033367ebaee0308920dea4a27d'], 'properties': [], 'type': 0}, {'name': '尺碼', 'options': ['均碼'], 'images': None, 'properties': [], 'type': 0}]",4.714285714285714,"[21, 1, 0, 0, 2, 18]",7,7,0,,,False,0,True,False,False,True,False,False,False,,False,,,,8710860,True,,,,,0,,,False,False,中國大陸,False,,True,False,,,False,,8710860.0,5 件 9折,,,,,,,0.0,[0],,,,
32,,,,,,,,,,ogaPAQqMAWJmZi1zZWFyY2hfdHdfdHcxXzEwLjU5LjI0NC4yOV97MWY4YTFiODRjNTBhMTA0ODk1MDliYjIxZjgzNzMxMDA6MDEwMDAwNjUyMDMzMTJhYjowMDAwMDAxMGYyMGM2M2JjfV9rOHMtd29ya2VyLXR3MS1saXZlLTM3MC5zaG9wZWVtb2JpbGUuY29t,,4421558891,5679359,,,4421558891,5679359,♥台灣現貨☆短款細肩小可愛 莫代爾 莫代爾背心 內搭 小可愛 內搭衣 防曝光 背心 女背心 細肩帶背心 短款細肩小可愛,"[16, 1000140, 1000508, 1001499, 25, 1000503, 1000028, 1000487, 1001270, 1001780, 1001784, 1001808, 1001500, 1002200, 1002826, 1002883, 1003529, 1003765, 1003907, 1003781, 1004131, 1004440, 1004773, 1004850, 1005019, 1004775, 1004776, 1005371, 1005314, 1005313, 1004777, 1005315]",f92befc0635c11693c2a79b11fcb4346,"['f92befc0635c11693c2a79b11fcb4346', '8ab7aae3881a0c25ce305dddebdd25a5', '6e119ea16af3e1f1b682e0b1231335a7', 'f7bdc0461854783317ed91c958df3f19', '5bfb6e86e62ffb2a65d58499f972ac9a', '23dd6d16d25e5ced6486537316ee310b', '4ead995a322b082c225c85d8afc911c9', '86546604c3026f98a5f842e834e4ab88', '139149e03e3d79c6de56673627fef205']",TWD,145,1,1585236448,47,1576,False,2239,3691,62,,386,196608,0,normal,6900000,6900000,6900000,19900000,19900000,,19900000,False,65,65,3.5,False,,,"[{'name': '規格', 'options': ['黑色', '白色', '香芋紫', '果綠', '玫紅', '寶藍', '灰色', '2代 黑色', '2代 白色'], 'images': ['9f7f3f2378b97b42b6cdca5e1da1ce64', '8b2c767eac5cac2279feee3a3a1bb322', 'b9579ee65c0ef136e7eac78529d261a8', '6241d9e1f316df284263f38983452345', '89cd8c92297c958275c7f62d53ad6a2a', 'e4fd3f5b1ef1ad5602ff351abf532ae3', '6f21b7bcc41747481ae094d996af472a', '06b515dbf041f298c99b482a62ab1941', 'bfc4c8f0a071e2827eab94ad1af34b64'], 'properties': [], 'type': 0}]",4.833766233766234,"[385, 0, 3, 11, 33, 338]",66,31,0,,,False,0,True,False,False,True,False,False,False,,False,,,,0,False,,,,,0,,,False,False,嘉義縣朴子市,False,,True,False,,,False,,,,,,,,,,0.0,[0],,,,
33,,,,,,,,,,ogaPAQqMAWJmZi1zZWFyY2hfdHdfdHcxXzEwLjU5LjI0NC4yOV97MWY4YTFiODRjNTBhMTA0ODk1MDliYjIxZjgzNzMxMDA6MDEwMDAwNjUyMDMzMTJhYjowMDAwMDAxMGYyMGM2M2JjfV9rOHMtd29ya2VyLXR3MS1saXZlLTM3MC5zaG9wZWVtb2JpbGUuY29t,,8212846308,20601737,,,8212846308,20601737,CACO-坑條寬肩背心(四色)-女【B2SH010】,"[1000147, 1000071, 16, 1000432, 1000140, 1000508, 1001499, 1001777, 1001779, 1002553, 1002552, 1000502, 1001553, 1002516, 1002949, 1002950, 1002948, 1002940, 1002941, 1002942, 1002951, 1002952, 1003145, 1002859, 25, 1003539, 1000020, 1002127, 1003926, 1004478, 1005440, 1005702, 1005703, 1005704, 1005705, 1005833, 1005837, 1000575, 1000028, 1004440, 1004775, 1004776, 1005371, 1005314, 1005313, 1004777, 1005315]",21c4e591021ce1364759ac9800bd8f3b,"['21c4e591021ce1364759ac9800bd8f3b', '2ca35fa9366fd4a4fc92b746f41e110d', 'b6095f10bef37fe24cb7c116d8ff1c9a', 'dce0c0a304a0bc1a5e6f758329a3eedd', 'ff5fa6c9caee0205ddbd600a13a59951', '4131dfc2676e6558306bdb19fb1d4490', '9ef3a19ddfe0821509d7eeab03d9cd4e']",TWD,9,1,1612245390,24,102,False,190,2752,62,,42,65536,0,normal,19900000,19900000,19900000,29000000,29000000,,29000000,False,31,31,6.9,False,54ed3c65f6ea8df56524835fcc31fd18,,"[{'name': '顏色', 'options': ['01白', '09黑', '27淺杏', '67湖綠'], 'images': ['2ca35fa9366fd4a4fc92b746f41e110d', 'b6095f10bef37fe24cb7c116d8ff1c9a', 'dce0c0a304a0bc1a5e6f758329a3eedd', 'ff5fa6c9caee0205ddbd600a13a59951'], 'properties': [], 'type': 0}, {'name': '尺寸', 'options': ['S', 'M', 'L'], 'images': None, 'properties': [], 'type': 0}]",4.975609756097561,"[41, 0, 0, 0, 1, 40]",6,4,0,,,False,0,False,True,True,False,True,False,False,,False,,,,0,False,,,,,0,,,False,False,臺中市西屯區,False,,True,False,,,False,,,,,,,,,,0.0,[0],,,,
34,,,,,,,,,,ogaPAQqMAWJmZi1zZWFyY2hfdHdfdHcxXzEwLjU5LjI0NC4yOV97MWY4YTFiODRjNTBhMTA0ODk1MDliYjIxZjgzNzMxMDA6MDEwMDAwNjUyMDMzMTJhYjowMDAwMDAxMGYyMGM2M2JjfV9rOHMtd29ya2VyLXR3MS1saXZlLTM3MC5zaG9wZWVtb2JpbGUuY29t,,3844116984,272413860,,,3844116984,272413860,夏天背心 韓版背心 寬松背心 百搭無袖背心 無袖T恤女 打底上衣 學生背心 網紅ins打底衫潮 顯瘦打底上衣 坎肩小可愛,"[16, 1000140, 1000508, 1001499, 1001814, 1003936, 1002127, 1005004, 1005009, 1005363, 1005364, 1005365, 1005366, 1005367, 1005368, 1005449, 1005451, 1005452, 1005453, 1005454, 1005455, 1005789, 1005837, 1005741, 1005743, 1005749, 1005744, 1005750, 1005745, 1005751, 1005746, 1005752, 1005747, 1005753, 1005748, 1005754, 1005737, 1005738, 1005739, 1005740, 1005742, 1005833]",0debd96742cf2239baba134bd3285bb8,"['0debd96742cf2239baba134bd3285bb8', 'a2c3f013b9c5aaa3848d8a39e9bebd1e', '7ed163060f86df0afb9cd2786c7fd711', '2dc6ce901660f3b7a300c9d7135c050f', '58c44488c7b7d0ab2cc42e9f8946fd1e', 'a66dc72d4e6fde623dd0f4a02b39165d', 'a12c2100d6753ebd43e07f1118149a49', '9edaed7bf909849a7a71107d51d8e5fb']",TWD,4750,1,1595931712,18,48,False,78,1356,62,自有品牌,23,0,0,normal,9000000,9000000,9000000,-1,-1,,0,False,0,0,,False,,,"[{'name': '顏色分類', 'options': ['白色 背心優質版', '黑色 背心優質版', '綠色 背心優質版', '黃色 背心優質版'], 'images': ['15aa854424f936fd7e0396cd09b6a51d', 'd360da01b334d8209338fe33c935b235', '50b2bd0455361456c1030f839a15721d', '265dd80a9523e19d8a8a98fd6c3af982'], 'properties': [], 'type': 0}, {'name': '尺碼', 'options': ['XL 121-140斤', 'M 80-100斤', 'S 60-80斤', 'XS 40-60斤', 'L 101-120斤'], 'images': None, 'properties': [], 'type': 0}]",4.7272727272727275,"[22, 0, 0, 1, 4, 17]",5,2,0,,,False,0,False,False,False,False,False,False,False,,False,,,,0,False,,,,,0,,,False,False,新竹縣新豐鄉,False,,False,False,,,False,,,,,,,,,,0.0,[0],,,,
35,,,,,,,,,,ogaPAQqMAWJmZi1zZWFyY2hfdHdfdHcxXzEwLjU5LjI0NC4yOV97MWY4YTFiODRjNTBhMTA0ODk1MDliYjIxZjgzNzMxMDA6MDEwMDAwNjUyMDMzMTJhYjowMDAwMDAxMGYyMGM2M2JjfV9rOHMtd29ya2VyLXR3MS1saXZlLTM3MC5zaG9wZWVtb2JpbGUuY29t,,9945619964,77747676,,,9945619964,77747676,美背短款外穿吊帶背心 吊帶 春夏 韓版 打底衫 上衣 女 無袖上衣 素色 性感 修身 美背 休閒 外穿 顯瘦 純色 內搭,"[16, 1000432, 1000140, 1000508, 1001499, 1002936, 1002937, 1002938, 1002946, 1002951, 1002952, 25, 1003539, 1002127, 1003936, 1004555, 1004846, 1005702, 1005703, 1005704, 1005705, 1005833, 1005837, 1004775, 1004776, 1005371, 1005314, 1005313]",005c0c0149ecc53b32e02fcd28ea4db6,"['005c0c0149ecc53b32e02fcd28ea4db6', 'a949df4f575e709ba1e27232104d1acb', '53ee782de6f423a9f9a1a89809f2dc17', 'b8ed31d32198ddca7d1b7552d2387c3d', 'df152bc838db4b3fb1329b1460c6b762', '7bfebf08edefdbe6dc59941681471b61', '6fb4a2fd7c3961dcb5d08c5df7f89829', 'a27f060853d1baaca171a157e6aa8513', 'a132ed8537ffbcd904dee4e9e9364d03']",TWD,990,1,1618978320,33,57,False,86,2695,62,自有品牌,21,65536,0,normal,4900000,4900000,4900000,8900000,8900000,,8900000,False,45,45,5.5,False,a949df4f575e709ba1e27232104d1acb,,"[{'name': '顏色', 'options': ['黑色', '白色', '藍色'], 'images': ['db188e258ab42b086f50330c5e2cf3c1', '6617e996119358f6190d868b7c48a56a', '25906249feb9b9437fba9b473bafde09'], 'properties': [], 'type': 0}]",4.857142857142857,"[21, 0, 0, 1, 1, 19]",7,5,0,,,False,0,False,False,False,False,False,False,False,,False,,,,0,False,,,,,0,,,False,False,彰化縣社頭鄉,False,,True,False,,,False,,,,,,,,,,0.0,[0],,,,
36,,,,,,,,,,ogaPAQqMAWJmZi1zZWFyY2hfdHdfdHcxXzEwLjU5LjI0NC4yOV97MWY4YTFiODRjNTBhMTA0ODk1MDliYjIxZjgzNzMxMDA6MDEwMDAwNjUyMDMzMTJhYjowMDAwMDAxMGYyMGM2M2JjfV9rOHMtd29ya2VyLXR3MS1saXZlLTM3MC5zaG9wZWVtb2JpbGUuY29t,,8830617111,127147596,,,8830617111,127147596,新品搶先 小可愛背心 吊帶背心 夏季斑馬紋小吊帶背心女外穿性感修身短款無袖上衣,"[16, 1000449, 1000140, 1000508, 1000138, 1001499, 1001942, 1001511, 1000553, 25, 1002853, 1005141, 1005228, 1004775, 1004776, 1005371, 1005314, 1005313, 1004777, 1005315]",763894f3f900c286b8422c94505de02a,"['763894f3f900c286b8422c94505de02a', '901e1de3c1c902cd60168974d93362cd', 'ed508f5ae506da6639367170fe555939', '37abfb0d2fc94190fbbd55188918bf9a', 'd94016631be9124707b2bd41a95de7a0', 'e86d6e2408dc568527f402713a4526e6', '1121cf84b8dfe26140aaadc0601886b8', '49e2c32af1adf756742a9f7b9246a3bc', '20e948334aa5dca5b6747fa4b19d2d81']",TWD,10,1,1616488445,1,10,False,7,89,62,,3,196608,1,normal,8500000,8500000,8500000,16000000,16000000,,16000000,False,47,47,5.3,False,,,"[{'name': '顏色', 'options': ['如圖'], 'images': ['1b68e8e9d1059ec1366a592d6796dd08'], 'properties': [], 'type': 0}]",5.0,"[3, 0, 0, 0, 0, 3]",0,0,0,,,False,0,False,False,False,False,False,False,False,,False,,,,6444064,False,,,,,0,,,False,False,中國大陸,False,,True,True,,,False,,,,,,,,,,0.0,[21],,,,
37,,,,,,,,,,ogaPAQqMAWJmZi1zZWFyY2hfdHdfdHcxXzEwLjU5LjI0NC4yOV97MWY4YTFiODRjNTBhMTA0ODk1MDliYjIxZjgzNzMxMDA6MDEwMDAwNjUyMDMzMTJhYjowMDAwMDAxMGYyMGM2M2JjfV9rOHMtd29ya2VyLXR3MS1saXZlLTM3MC5zaG9wZWVtb2JpbGUuY29t,,6188400088,1369252,,,6188400088,1369252,【現貨免運】網美內搭背心 韓版熱銷小可愛 吊帶內衣 細肩帶BAR 打底衫無袖T恤上衣 女背心 無鋼圈美背胸罩 針織背心,"[16, 1000513, 1000509, 1000140, 1000508, 1001499, 1001777, 1001779, 1001923, 1002553, 1002552, 1003145, 25, 1003754, 1003936, 1004326, 1004524, 1004846, 1004778, 1004779, 1004780, 1005132, 1005774, 1000028, 1004777, 1005315]",4b12eb87d9c75eca657802c39f74cfb2,"['4b12eb87d9c75eca657802c39f74cfb2', '83012eb43b4838f1f53f01f450f3f2ba', '6b69c3d64302f62ac5a2280cd667762e', '58a30f8db336bd35babb03e99c46bdaf', '309207cb557f1617c30b21e93e2bf138', '400a3deacc596f5c9b665d2746b66f8d', '37e3d2c85b8e96c7e1477e4a52fb73a3', 'bab2e11208e5a530e1a0433b70c04742', 'eb38b208f78b890b5c2079b7b62de042']",TWD,218,1,1620498454,129,172,False,153,4113,62,自有品牌,45,0,0,normal,5000000,5000000,5000000,9900000,9900000,,9900000,False,49,49,5.1,False,,,"[{'name': '款式', 'options': ['白色', '黑色', '綠色', '藕粉', '黃色', '淺灰', '膚色'], 'images': ['032f268655735434f2cde97d2ac10bf6', '7d42156c7d015a6a10e933e81b437524', '65f99821cc0d9f233a6fa4d2c59838f7', 'a04b2b689f676728d66b14a36f83a105', 'bd8bf742f4b9a03fafdcd0125408d61e', '62b218ee1c6d6068c91267ac8260485f', 'a276458c474409720c28ff6b8dd1b9d0'], 'properties': [], 'type': 0}]",4.840909090909091,"[44, 0, 0, 2, 3, 39]",4,3,0,,,False,0,True,False,False,True,False,False,False,,False,,,,0,False,,,,,0,,,False,False,高雄市鳳山區,False,,False,False,,,False,,,,,,,,,,0.0,[0],,,,
38,,,,,,,,,,ogaPAQqMAWJmZi1zZWFyY2hfdHdfdHcxXzEwLjU5LjI0NC4yOV97MWY4YTFiODRjNTBhMTA0ODk1MDliYjIxZjgzNzMxMDA6MDEwMDAwNjUyMDMzMTJhYjowMDAwMDAxMGYyMGM2M2JjfV9rOHMtd29ya2VyLXR3MS1saXZlLTM3MC5zaG9wZWVtb2JpbGUuY29t,,3335963618,16892080,,,3335963618,16892080,SC🦋針織內搭無袖泫雅吊帶背心女夏季白色打底坎肩外穿方領美背上衣潮,"[16, 1000140, 1000508, 1000503, 1000138, 1001499, 1000040, 1000365, 25, 1002854, 1004575]",09fd5c70f2e8090d68787622215c9961,"['09fd5c70f2e8090d68787622215c9961', '30f5ebe6b617fd7f4b828147128c9fcf', '7ee4c106ddf1b76692661924bbcd021f', 'ce107147d9f2e9867d551852dd6169e8', '4634c907f86589d6d7e4c208bbb7bc7d', '6262ced8725fc1f430b5faec44f9cd2e']",TWD,59777,1,1590853950,8,205,False,313,945,62,自有品牌,47,196608,0,normal,6700000,6700000,6700000,-1,-1,,0,False,0,0,,False,,,"[{'name': '顏色', 'options': ['白色', '黑色', '杏色', '灰色', '藍色', '磚紅'], 'images': None, 'properties': [], 'type': 0}, {'name': '尺碼', 'options': ['均碼'], 'images': None, 'properties': [], 'type': 0}]",4.826086956521739,"[46, 0, 0, 1, 6, 39]",5,4,0,,,False,0,False,False,False,False,False,False,False,,False,,,,0,False,,,,,0,,,False,False,臺中市西區,False,,True,False,,,False,,,,,,,,,,0.0,[0],,,,
39,,,,,,,,,,ogaPAQqMAWJmZi1zZWFyY2hfdHdfdHcxXzEwLjU5LjI0NC4yOV97MWY4YTFiODRjNTBhMTA0ODk1MDliYjIxZjgzNzMxMDA6MDEwMDAwNjUyMDMzMTJhYjowMDAwMDAxMGYyMGM2M2JjfV9rOHMtd29ya2VyLXR3MS1saXZlLTM3MC5zaG9wZWVtb2JpbGUuY29t,,158612004,9469128,,,158612004,9469128,[現貨]素面彈力細肩帶背心女 彈力無袖背心上衣彈力顯瘦學生內搭小可愛 免運,"[16, 1000449, 1000140, 1000508, 1001499, 1001777, 1001779, 1001942, 1002553, 1002552, 1002516, 1000553, 1003145, 1002857, 1003754, 1002127, 1001511, 25, 1004527, 1004673, 1004846, 1004778, 1004779, 1004780, 1005132, 1005141, 1005833, 1005228, 1005837, 1000620, 1000613, 1000626, 1002188, 1002393, 1002825, 1004773, 1004850, 1004775, 1004776, 1005371, 1005314, 1005313]",55c53d565369c426d51cc4279943b833,"['55c53d565369c426d51cc4279943b833', 'd15c9564e9d8ca0a4e6dfa2d395bfa03', '9d243b9921dcd4eaa8ddc4ad93857695', '27a466d89bbc038b0a7907afce3cd3ee', 'b521a998f194dba67d01c2b871ed9fb8', '20c74d4542174aa36dde26d68787734b', '37222f1505a37dd01b0a8f97c9b15968', '4d1afa47015c25901ceda2f799505040', 'a42005ecdca365a8e53fb0037e95505b']",TWD,44326,1,1488094613,7,13180,False,6528,418,62,,5098,196610,1,normal,5900000,5900000,5900000,11500000,11500000,,11500000,False,49,49,5.1,False,,,"[{'name': 'Variation', 'options': ['黑色', '深灰色', '白色', '咖啡色', '綠色'], 'images': None, 'properties': [], 'type': 0}, {'name': 'size', 'options': ['均碼'], 'images': None, 'properties': [], 'type': 0}]",4.776752405262124,"[5097, 28, 39, 198, 514, 4318]",1451,137,0,,,False,0,False,True,True,False,True,False,False,,True,,,,0,False,,,,,0,,,False,False,中國大陸,False,,True,False,,,False,,,,,,,,,,0.0,[0],,,,
40,,,,,,,,,,ogaPAQqMAWJmZi1zZWFyY2hfdHdfdHcxXzEwLjU5LjI0NC4yOV97MWY4YTFiODRjNTBhMTA0ODk1MDliYjIxZjgzNzMxMDA6MDEwMDAwNjUyMDMzMTJhYjowMDAwMDAxMGYyMGM2M2JjfV9rOHMtd29ya2VyLXR3MS1saXZlLTM3MC5zaG9wZWVtb2JpbGUuY29t,,5143021454,272413860,,,5143021454,272413860,[新品搶先] 背心 無袖背心 冰絲針織吊帶背心女黑色內搭無袖t恤韓版百搭上衣外穿,"[16, 1000140, 1000508, 1001499, 1001814, 1003936, 1002127, 1005004, 1005009, 1005363, 1005364, 1005365, 1005366, 1005367, 1005368, 1005449, 1005451, 1005452, 1005453, 1005454, 1005455, 1005789, 1005837, 1005741, 1005743, 1005749, 1005744, 1005750, 1005745, 1005751, 1005746, 1005752, 1005747, 1005753, 1005748, 1005754, 1005737, 1005738, 1005739, 1005740, 1005742, 1005833]",e521dd78998b9e3a82b1ced4abb56b1c,"['e521dd78998b9e3a82b1ced4abb56b1c', 'bd79f264cf88372c2101898594c3715e', '2aa1d5b9a6933e3d7e4cab56330c9830', '09f07ba35ba63521c0c18a9d2e3fae81', '00ea5fd489c7036ba0ce232a7feef547', '6a972e0f12a23dbe8b58045457616d02', '721a3c7cf5ff61b502f922ff0391782f']",TWD,3870,1,1595264417,12,82,False,52,589,62,自有品牌,31,0,0,normal,5900000,5900000,5900000,-1,-1,,0,False,0,0,,False,,,"[{'name': 'Variation', 'options': ['白色 均码', '黑色 均码', '粉红色 均码', '卡其色 均码', '黄色 均码', '蓝色 均码'], 'images': ['', '', '', '', '', ''], 'properties': [], 'type': 0}]",4.580645161290323,"[31, 1, 0, 2, 5, 23]",6,4,0,,,False,0,False,False,False,False,False,False,False,,False,,,,0,False,,,,,0,,,False,False,新竹縣新豐鄉,False,,False,False,,,False,,,,,,,,,,0.0,[0],,,,
41,,,,,,,,,,ogaPAQqMAWJmZi1zZWFyY2hfdHdfdHcxXzEwLjU5LjI0NC4yOV97MWY4YTFiODRjNTBhMTA0ODk1MDliYjIxZjgzNzMxMDA6MDEwMDAwNjUyMDMzMTJhYjowMDAwMDAxMGYyMGM2M2JjfV9rOHMtd29ya2VyLXR3MS1saXZlLTM3MC5zaG9wZWVtb2JpbGUuY29t,,2246541324,12397676,,,2246541324,12397676,Comeandbuy-百搭背心 素色小可愛背心 針織打底衫 合身女上衣 無袖小背心女 短版方領背心 單穿性感內搭休閒,"[16, 1000449, 1000140, 1000508, 1000138, 1001499, 1001777, 1001779, 1001942, 1002553, 1002552, 1000553, 1003145, 1002853, 1003754, 1004778, 1004779, 1004780, 1005141, 1000620, 1004773, 1004775, 1004776, 1005371, 1005314, 1005313, 1004777, 1005315, 1000028]",22c85b00c50148346e0d22d5306be107,"['22c85b00c50148346e0d22d5306be107', '8ab9fc8abca73854783406a68d34f4e3', '1a80188ce5f8e1d795c5fd5ac862fb4f', 'b699a4ac6e7e2bb8ecfb70308034ce3b', '5d86629d94bfbacd22a43c02025b8438', 'de6240b566335132a12dc51e39ccada9', 'a40c320d3ec0b6a0b0bbca22f043f678', '188257a9e959a39afe8d7318a7367049', '119cc7ee2cbce1800c4cf49f15bc1138']",TWD,7238,1,1558342560,10,1017,False,969,584,62,,270,196610,1,normal,8200000,8200000,8600000,16000000,16000000,,16000000,False,49,49,5.1,False,,"[{'video_id': '104808b7849413da275fe2a777b55766', 'thumb_url': 'b7e0a36999e0f068d87e3a6c94958c6d', 'duration': 10, 'version': 1, 'vid': None, 'formats': [], 'default_format': None}]","[{'name': '顏色', 'options': ['白色', '灰色', '黑色', '深粉色', '南瓜色（焦糖色）', '黃色', '米杏色', '藍色'], 'images': ['d00aa41d5b8be4be9c68ef999d687299', 'caf2d46b4b8f52ac060f5a3e17d66a9e', 'bec9bbe7dcf14905fbfe371697d791e7', '3f64421243ee51bcd92cb28a376423ef', 'f5c8cc11dbc08d6549227a03d191eefa', '3f301258667b257bf5174e84086cb7cd', '8d7b21e50559df611539b7eb6abe208a', '2bf4c82726707b65bae60a9dc9dca45a'], 'properties': [], 'type': 0}]",4.625925925925926,"[270, 11, 3, 7, 34, 215]",52,42,0,,,False,0,False,False,False,False,False,False,False,,True,,,,6381647,True,,,,,0,,,False,False,中國大陸,False,,True,False,,,False,,6381647.0,3 件折 $20,,,,,,,0.0,[0],,,,
42,,,,,,,,,,ogaPAQqMAWJmZi1zZWFyY2hfdHdfdHcxXzEwLjU5LjI0NC4yOV97MWY4YTFiODRjNTBhMTA0ODk1MDliYjIxZjgzNzMxMDA6MDEwMDAwNjUyMDMzMTJhYjowMDAwMDAxMGYyMGM2M2JjfV9rOHMtd29ya2VyLXR3MS1saXZlLTM3MC5zaG9wZWVtb2JpbGUuY29t,,8918810335,312620872,,,8918810335,312620872,無袖上衣 背心 夏裝新款背心女外穿米奇卡通印花學生寬松無袖t恤籃球運動學院風,,2c3cc211d8591fab04ea1e96c0fe627d,"['2c3cc211d8591fab04ea1e96c0fe627d', '9c7d100946b476ca954169b7a6fdde85', '817da1b4613e578712b397a6b8b06ef2', '645d866d2b234be98f81f2de30b86b3c', 'c89dac539349a85c251fcf24415912ca', '2c3cc211d8591fab04ea1e96c0fe627d', '342242c293dc083396b7a805c96459be', '016f6cbb2358621c82c9db791864167d', '0cbff73edcc4c2e5c361065bbb571f75']",TWD,18365,1,1614503259,22,36,False,58,1105,62,自有品牌,13,65536,0,normal,10300000,10300000,12900000,-1,-1,,0,False,0,0,,False,,,"[{'name': '顏色分類', 'options': ['739#白色', '739#黑色', '739#綠色', '739#黃色', '純T-白色', '純T-黑色', '純T-綠色', '純T-黃色'], 'images': ['821341839451cc338515da4f81bfebc5', '56c6353d9c6b2e4690e472f24e3bfa02', '4328e7ad85ce158d0912174a2109ad0b', 'f266d332196d3ce8006dbc56195e648b', '8fad9ca5160f84eddd4c0231b7aad785', '94a767273800606275511904fe00abe0', '73f345edbe8cb6fd6cc5455288ccc67a', '55e3b0905383c4647644bd1d0e4cf859'], 'properties': [], 'type': 0}, {'name': '尺碼', 'options': ['M', 'L', 'XL', '2XL'], 'images': None, 'properties': [], 'type': 0}]",4.846153846153846,"[13, 0, 0, 1, 0, 12]",3,2,0,,,False,0,False,False,False,False,False,False,False,,False,,,,8941652,True,,,,,0,,,False,False,南投縣埔里鎮,False,,True,False,,,False,,8941652.0,2 件 9.5折,,,,,,,0.0,[0],,,,
43,,,,,,,,,,ogaPAQqMAWJmZi1zZWFyY2hfdHdfdHcxXzEwLjU5LjI0NC4yOV97MWY4YTFiODRjNTBhMTA0ODk1MDliYjIxZjgzNzMxMDA6MDEwMDAwNjUyMDMzMTJhYjowMDAwMDAxMGYyMGM2M2JjfV9rOHMtd29ya2VyLXR3MS1saXZlLTM3MC5zaG9wZWVtb2JpbGUuY29t,,216986428,9371163,,,216986428,9371163,性感交叉露背帶挂脖外穿夏季韓版百搭無袖合身女生上衣 性感露背美背小可愛針織背心女,"[16, 1000432, 1000449, 1000513, 1000510, 1000140, 1000508, 1001499, 1001777, 1001779, 1001942, 1002553, 1002552, 1002516, 1000553, 1003145, 1002857, 25, 1003539, 1003754, 1002127, 1001511, 1004527, 1004780, 1005702, 1005703, 1005704, 1005705, 1005141, 1005833, 1005228, 1005837, 1005132, 1000258, 1000620, 1000626, 1000613, 1002188, 1002393, 1002825, 1004418, 1004773, 1004850]",3c96061cfb6df4763b716e83039ad563,"['3c96061cfb6df4763b716e83039ad563', '56fbb9230e86bace109b93a190005697', '519e59beedaa08013fd9f898dd29ded7', 'cd81d4fb6817646da32c45a67854915d', 'aaa81e917ccd184e1752046c0f1ef998', '635a3e594637925ae1f171a6f77219be', 'ff7d7719c5f5e866c00d934c33310da3', '43531edfb49906f43cc2be851072937e', 'fac2e13cca9f3be67b52997031d03616']",TWD,1803,1,1491984731,9,1580,False,2443,939,62,None,563,196610,1,normal,8500000,8500000,8500000,14100000,14100000,,14100000,False,40,40,6,False,,,"[{'name': 'Variation', 'options': ['黑色', '杏色', '白色'], 'images': None, 'properties': [], 'type': 0}]",4.79646017699115,"[565, 4, 5, 14, 56, 486]",96,48,0,,,False,0,False,True,True,False,True,False,False,,True,,,,0,False,,,,,0,,,False,False,中國大陸,False,,True,False,,,False,,,,81078944.0,SVC-81078944,滿額折$20,,,,0.0,[0],,,,
44,,,,,,,,,,ogaPAQqMAWJmZi1zZWFyY2hfdHdfdHcxXzEwLjU5LjI0NC4yOV97MWY4YTFiODRjNTBhMTA0ODk1MDliYjIxZjgzNzMxMDA6MDEwMDAwNjUyMDMzMTJhYjowMDAwMDAxMGYyMGM2M2JjfV9rOHMtd29ya2VyLXR3MS1saXZlLTM3MC5zaG9wZWVtb2JpbGUuY29t,,7332445492,253619557,,,7332445492,253619557,【現貨秒殺價】夏季純色內搭吊帶背心女白色外穿黑色打底衫無袖T恤上衣,"[16, 1000449, 1000140, 1000508, 1000138, 1001499, 1001942, 1001511, 1000553, 1002853, 1000365, 1000040, 25, 1001578, 1004576, 1005141, 1005228, 1000430, 1000487, 1000573, 1000640, 1001270, 1000626, 1000613, 1002188, 1002826, 1003529, 1003765, 1003781, 1004356, 1004685, 1000145, 1004775, 1004776, 1005371, 1005314, 1005313, 1004777, 1005315]",e2707cca5fb602599d31ad274144ca6c,"['e2707cca5fb602599d31ad274144ca6c', 'ea9557ae609122dfd76c89747784785e', 'c68fdba4d543dcd8b0bcbf5e593ad8c9', '52cfe2cd3786eead66152cb6f14146b8', 'c05f4673bb24fabbd55b6ee34f93a583', '5b03211cfcf9cef4c29370967fecc3ec', '30fe911b0cc9ea8e2de89e4d82c774cb', 'f0b2dcf77381057068ab47bfd8d44e55', '0117eb83688b289686ea19da206bf497']",TWD,34482,1,1588514399,34,4506,False,890,688,62,自有品牌,402,196608,1,normal,900000,900000,2900000,6700000,6700000,,6700000,False,87,87,1.3,False,,,"[{'name': 'Variation', 'options': ['白色', '灰色', '黑色', '粉紅色', '卡其色', '淺黃色', '杏色', '白色条纹', '黑色条纹'], 'images': ['e6c0dffa16287f331eee16ded079482c', '14e32376a5cc847ad4cbd285178dfa1b', '38d06566544ea849f50980e5166812e2', 'ea9557ae609122dfd76c89747784785e', '0682e2e55d1838180be2384eba5e276d', 'ebe6364da891c803a96f0a2bae158267', 'f0b2dcf77381057068ab47bfd8d44e55', '5b03211cfcf9cef4c29370967fecc3ec', '0117eb83688b289686ea19da206bf497'], 'properties': [], 'type': 0}]",4.699004975124378,"[402, 6, 4, 20, 45, 327]",97,83,0,,,False,0,False,False,False,False,False,False,False,,False,,,,0,False,,,,,0,,,False,False,中國大陸,False,,True,False,,,False,,,,,,,,,,0.0,[0],,,,
45,21902934.0,12959094.0,,1.0,背心女,YmZmdG9jdHcxLlVZdnhaWs2RtLOk0YYEVaWLc2RRt9NCGxMvp7r5GBPt3FQA4RxPzCBL2pd2IsBRdNK6fOlk5iAJ4P6QTzGJyCSpm9Q1pdZloXRgeA3qxx1X6b1e0ZPx,,,,CiFjOmU9YjtwaWQ9QTsyLmEuMjc0QEJDRUhJT2NmZ21udzBxKpkP3gAOij8=,,8458700663,434089293,,,8458700663,434089293,uoohe女裝女生衣著絲質吊帶無袖背心女性感上衣夏寬鬆外穿西裝內搭打底小背心ins潮,"[1001511, 1000040, 1000365, 1005141, 1005228, 25]",81ac12ea15177697fd93de111a4d1882,"['81ac12ea15177697fd93de111a4d1882', 'cc1354c479d46d042d77711d6d581a79', '6a769e120d0dd3122956fc153e187e23', 'd04b405e81d4c958b5c32d9b335e46a5', '5e777a3045bde218ed506254be265098', 'fd3652f8c70463b29f8f74cea8c6afbd', '0409a78c440b2af935ea1861579d32fa', 'ab297f9fcb8bf0db80a935f67a354886', '12beaffbd080768b0a90e25d83808242']",TWD,23976,1,1621873101,0,0,False,0,32,62,,0,0,1,normal,20800000,20800000,20800000,29600000,29600000,,29600000,False,30,30,7,False,f4e48140dee987e1a2530605cb1ee815,,"[{'name': '颜色', 'options': ['白色', '粉色', '灰色', '绿色', '黑色', '杏色'], 'images': ['9c2c0bb1bee00a35f96b5d4d4642b711', '7d193a95484b5b38149c3b3a86ced33e', 'c873da2bdf59e28f235a26c89dac8e2d', '70ea9183f59ccaa7c4656045d081d23d', '67454915e30346deb9e9b946e441396a', '3ad6b31a58b58bc7bf00297021d6ee16'], 'properties': [], 'type': 0}, {'name': '尺码', 'options': ['S', 'M', 'L', 'XL'], 'images': None, 'properties': [], 'type': 0}]",0.0,"[0, 0, 0, 0, 0, 0]",0,0,0,,,False,0,False,False,False,False,False,False,False,,False,,,,0,False,,,,,0,,,False,False,中國大陸,False,,False,False,,,False,,,,83128560.0,UUVE35,滿額折$35,,,,,,,,,
46,21954711.0,12987625.0,,1.0,背心女,YmZmdG9jdHcxLlVZdnhaWpX0ff5kTo3xFk5PoZKWxqkfHHT8S7cl4eSJXcwQRRkkxYk4NbYpUuWLD6PiOl+lJiKA9PXCtTnNCEBKsdwqwLbRYjQdutNviYPGtrbEqASn,,,,CiFjOmU9YjtwaWQ9QTsyLmEuMjc0QEJDRUhJT2NmZ21udzBxk7YoB8TeiT8=,,9166885575,406411921,,,9166885575,406411921,吊帶背心女外穿夏季2021新款韓版白色蕾絲無袖上衣露背鑲鑽打底衫,[1000553],597760eb0f877942c0d80112f5f08e9c,"['597760eb0f877942c0d80112f5f08e9c', '96af96e61f04a0885712b48a7b85eb00', 'fa73ae56227e109f521eb5ee851b2054', 'd7c6cd20f4aa5cc5884cefc5e7cc72a7', 'e741ccffebfc92e51c1b90cb67da55ef', 'b5315f3769009367935a33e219f52416', '69b266a335c3ba659e4fa7b67de7b72c', 'a231bd617c7a3763c4a54343f20fff8d', '462442090fde24c3e1d776c0c68a0868']",TWD,7102,1,1623674684,0,0,False,0,4,62,,0,0,1,normal,22300000,22300000,22300000,34300000,34300000,,34300000,False,35,35,6.5,False,,,"[{'name': '顏色', 'options': ['802白底寬吊帶孔雀', '802白底寬吊帶煙花', '802白底寬吊帶玫瑰花', '802白底寬吊帶蝴蝶 彩鑽', '802白底寬吊帶藍荷花', '802白底寬吊帶狐狸', '802白底寬吊帶七彩多蝶', '802白底寬吊帶紅鑽蝴蝶'], 'images': ['96af96e61f04a0885712b48a7b85eb00', '603fa762cf5d91e75b7cac7a32e4f801', 'fa73ae56227e109f521eb5ee851b2054', 'b5315f3769009367935a33e219f52416', 'd7c6cd20f4aa5cc5884cefc5e7cc72a7', 'e741ccffebfc92e51c1b90cb67da55ef', '69b266a335c3ba659e4fa7b67de7b72c', '597760eb0f877942c0d80112f5f08e9c'], 'properties': [], 'type': 0}, {'name': '尺碼', 'options': ['小碼【體重80-130斤】', '大碼【體重110-180斤】'], 'images': None, 'properties': [], 'type': 0}]",0.0,"[0, 0, 0, 0, 0, 0]",0,0,0,,,False,0,False,False,False,False,False,False,False,,False,,,,0,False,,,,,0,,,False,False,中國大陸,False,,False,False,,,False,,,,,,,,,,,,,,,
47,20862223.0,12325304.0,,0.0,wkdaelpmissisiht,YmZmdG9jdHcxLlVZdnhaWlq4n5COEj8VJlz6XVg3M4eIO7KJH17F4QRFotKXg9tlLRLgerRhRZo4eECKaOswe8PXOs35cRcowMRTDss7s2fq8pWZxXEl9EYOS3q6VG+1,,,,CiFjOmU9YjtwaWQ9QTsyLmEuMjc0QEJDRUhJT2NmZ21udzBIBHG6CNJViPCgP3maFG8NTRaBPw==,,6734275045,1769875,,,6734275045,1769875,紫色星球 清涼一夏 美式復古圖騰 透氣竹節棉 舒適好穿 背心【T0535】圓領背心 女短T 短袖上衣 S-2XL,"[16, 1000140, 1000508, 1001499, 1001923, 25]",454d135ed4da16ed9b777e7c3c8b1309,"['454d135ed4da16ed9b777e7c3c8b1309', '91ed5b8728b970e0e35877ef6cd90481', '2e4cf7489b2f97718efabc29db5d40bd', '006789b7f9fa97eb5ddfc4af52a6313e', '0ee472f47fef87af779802f9c46ed64c', '3753eb2f7b330974b9b4f9fd9c117b72', '0d1d0e4f93e84aadfd2e9bcb6b20134e', 'b5c111c25195cc53384b74867fb52117', '10bdb63289b523be5e9e7d71b95250ed']",TWD,2978,1,1589681404,0,13,False,29,486,62,自有品牌,8,196608,0,normal,27000000,27000000,27000000,-1,-1,,0,False,0,0,,False,10bdb63289b523be5e9e7d71b95250ed,,"[{'name': '顏色', 'options': ['黑色', '白色', '灰綠色'], 'images': ['0d1d0e4f93e84aadfd2e9bcb6b20134e', '0ee472f47fef87af779802f9c46ed64c', '91ed5b8728b970e0e35877ef6cd90481'], 'properties': [], 'type': 0}, {'name': '尺寸', 'options': ['S', 'M', 'L', 'XL', '2XL'], 'images': None, 'properties': [], 'type': 0}]",5.0,"[8, 0, 0, 0, 0, 8]",1,1,0,,,False,0,False,False,False,False,False,False,False,,False,,,,0,False,,,,,0,,,False,False,新北市板橋區,False,,True,False,,,False,,,,,,,,,,,,,,,
48,21805914.0,12904940.0,,1.0,背心女,YmZmdG9jdHcxLlVZdnhaWpX0ff5kTo3xFk5PoZKWxqkdY5ivNl4fOEkCcXvM4J57kWEmSaggiRdGpCZfbPNTgMTWNvlWJsiW80GY0h1HewuCqmyYVz/iEtwuVOIuhBq/,,,,CiFjOmU9YjtwaWQ9QTsyLmEuMjc0QEJDRUhJT2NmZ21udzBxNiXAuTfTiz8=,,2964333961,456355581,,,2964333961,456355581,【花橋HUAQIAO】新店福利大放送 吊帶 背心 小可愛 美背吊帶 帶胸墊 外穿 打底 性感 短款上衣  吊帶背心 女裝,,f6d1efba8715585ea3afc3ec2a8c6c6c,"['f6d1efba8715585ea3afc3ec2a8c6c6c', '926246009a013413b308631b0e4911d7', 'f54573a732138cb7e135749b090e36b0', '1b1dc405c65a54fcc875f3d51bfab14a', '3d41a4ccc9aa19e8a7a397e433737d80', '533932419f4e0bbb222d296aafb9b6c3', '36b6c69a29ea5600a4af0765ee189320', '2114ad8a0f31ab6629aa049f1d5a2505', '6985b8cea51dc72a428d17797e16f7fe']",TWD,59994,1,1622792112,0,0,False,1,21,62,,0,0,1,normal,9900000,9900000,9900000,49900000,49900000,,49900000,False,80,80,2,False,,,"[{'name': 'color', 'options': ['白色', '黃色', '灰色', '黑色', '酒紅', '卡其'], 'images': None, 'properties': [], 'type': 0}, {'name': 'size', 'options': ['均碼'], 'images': None, 'properties': [], 'type': 0}]",0.0,"[0, 0, 0, 0, 0, 0]",0,0,0,,,False,0,False,False,False,False,False,False,False,,False,,,,8948624,True,,,,,0,,,False,False,中國大陸,False,,False,False,,,False,,8948624.0,2 件 $129,,,,,,,,,,,,
49,17260332.0,9938649.0,,0.0,wkdaelpmissisiht,YmZmdG9jdHcxLlVZdnhaWhfeYnb0CyMvHlaEQay+W8Y9QBWeG2K/J9HV/A6ZdHEc1Gw+I1zIoZQL2ULqSKhpICcFHZQu5K8SuSDGZ+ZTAZMu/+xsvCpaKK8UU1WoFTos,,,,CiFjOmU9YjtwaWQ9QTsyLmEuMjc0QEJDRUhJT2NmZ21udzBIBHGPaDRtpTKaP3kuRn5NDqmdPw==,,9942466192,301473365,,,9942466192,301473365,🍭批發價🍭現貨 短版背心 正韓上衣 韓版背心 無袖背心 小可愛背心 內搭背心 背心女 正韓背心 無袖上衣 吊帶背心 背心,"[1000138, 1001511, 1000553, 25, 1002853, 1001578, 1004576, 1004846, 1004779, 1004780, 1005141, 1005228, 1005132, 1000028, 1004775, 1004776, 1005371, 1005314, 1005313, 1004777, 1005315]",2a4f338f9a0144d0c9c2752dfc867f1e,"['2a4f338f9a0144d0c9c2752dfc867f1e', '8c650335aa2a29b751079d45d158e105', '3dd5a00501af9d72237d58f837debb9d', '3dccc14df2ad27e8a8aa2bd780a350ea', '72a0cc7cd50bd8f44f252913fcc30fa0', 'cc92cb237c2da411a102ac93cc99baf4', 'ad700da2201f0948be6b5ffcbe8cd36f', '20b07c65651d756c525edec9b5a6486a', '04035ca48fe9aa28a787278b939fa7c3']",TWD,3934,1,1618463289,11,47,False,27,1206,62,自有品牌,16,65536,1,normal,2900000,2900000,2900000,5800000,5800000,,5800000,False,50,50,5,False,7923a444df8bd64af27bdf4b7d9e688b,"[{'video_id': '2691e997081d0603eaa3192000cf9aa1', 'thumb_url': '4cb669f228207fc7cfdb1be47c17cc8d', 'duration': 25, 'version': 1, 'vid': None, 'formats': [], 'default_format': None}]","[{'name': '顏色', 'options': ['黑色', '白色'], 'images': ['ed5145e6103ba3024368c97fed6cf8b7', '635144e62489ff558bbc56a5ba517300'], 'properties': [], 'type': 0}, {'name': '尺寸', 'options': ['S【建議35-45公斤】', 'M【建議45-50公斤】', 'L【建議50-60公斤】'], 'images': None, 'properties': [], 'type': 0}]",5.0,"[15, 0, 0, 0, 0, 15]",4,3,0,,,False,0,True,False,False,True,False,False,False,,False,,,,0,False,,,,,0,,,False,False,中國大陸,False,,True,False,,,False,,,,,,,,,,,,3306205.0,加價購,0.0,1.0
