0,2794120,159782,Porsche,35,2.0L,<b>2017</b>年,<b>7.1</b>萬km,193.0,<b>193</b>萬,3,Porsche MACAN 電動椅 全景 倒車顯影 弘達國際#81318,2021-06-18 14:28:26,<font>2分鐘內更新</font>,1.0,20,https://p2.8891.com.tw/2020/11/12/1605169332867296_220_165.jpg,https://p2.8891.com.tw/2020/11/12/1605169332867296_300_225.jpg,1,,20.0,Macan,Macan,,20.0,0.0,1.0,0.0,1.0,1.0,0.0,0.0,0.0,0.0,0.0,新北市,手自排,2017,False,False,,[],0.0,[],0.0,0.0,1.0,1.0,3.0,0.0,0.0
1,2769376,557171,Audi,4,1.4L,<b>2018</b>年,<b>9.0</b>萬km,118.0,<b>118</b>萬,3,女用業務自售車,2021-05-23 16:02:00,<font>2分鐘內更新</font>,,551,https://p1.8891.com.tw/2021/05/23/1621756384097033_220_165.jpg,https://p1.8891.com.tw/2021/05/23/1621756384097033_300_225.jpg,2,,551.0,Q2,Q2,,4.0,0.0,1.0,0.0,1.0,0.0,0.0,0.0,0.0,0.0,0.0,台中市,手自排,2018,False,False,,[],0.0,[],0.0,0.0,1.0,1.0,3.0,0.0,0.0
2,2768034,688801,Toyota,46,2.5L,<b>2021</b>年,<b>171</b>km,253.8,<b>253.8</b>萬,3,"【滿吉國際】LTD 7/10到店,車測中,限量版七人座",2021-05-21 19:52:17,<font>8分鐘內更新</font>,,"<span class=""Red"">1589</span>",https://p1.8891.com.tw/2021/05/21/1621593699383721_220_165.jpg,https://p1.8891.com.tw/2021/05/21/1621593699383721_300_225.jpg,3,,1589.0,Sienna,Sienna,,12.0,0.0,1.0,1.0,1.0,0.0,0.0,0.0,0.0,0.0,0.0,新北市,手自排,2021,False,False,,[],0.0,[],0.0,0.0,1.0,1.0,3.0,0.0,0.0
3,2794001,159782,Mercedes-Benz,27,2.0L,<b>2017</b>年,<b>7.5</b>萬km,162.0,<b>162</b>萬,3,BENZ GLC300 AMG 魚眼頭燈 全景 17年 弘達國際#17594,2021-06-18 13:06:31,<font>9分鐘內更新</font>,1.0,20,https://p1.8891.com.tw/2021/05/18/1621329487898117_220_165.jpg,https://p1.8891.com.tw/2021/05/18/1621329487898117_300_225.jpg,4,,20.0,GLC,GLC,GLC300,13.0,0.0,1.0,0.0,1.0,1.0,0.0,0.0,0.0,0.0,0.0,新北市,手自排,2018,False,False,,[],0.0,[],0.0,0.0,1.0,1.0,3.0,0.0,0.0
4,2681475,347255,Mercedes-Benz,27,2.0L,<b>2017</b>年,<b>5.6</b>萬km,176.0,<b>176</b>萬,3,GLC300升級 20款GLC43樣式 360環景 駐車雷達 原廠認證 大螢幕,2021-02-25 14:41:08,<font>12分鐘內更新</font>,,"<span class=""Red"">13308</span>",https://p2.8891.com.tw/2021/06/12/1623491005728468_220_165.jpg,https://p2.8891.com.tw/2021/06/12/1623491005728468_300_225.jpg,5,,13308.0,GLC,GLC,GLC300,20.0,0.0,1.0,0.0,1.0,0.0,0.0,0.0,0.0,0.0,0.0,高雄市,手自排,2017,False,False,,[],0.0,[],0.0,0.0,1.0,1.0,3.0,0.0,0.0
5,2778520,229294,Mercedes-Benz,27,3.0L,<b>2017</b>年,<b>3.0</b>萬km,0.0,<b>電洽</b>,3,AMG性能版/23P駕駛輔助/經銷商認證車/新車保固/全台售服據點支援,2021-06-02 15:57:46,<font>12分鐘內更新</font>,,438,https://p2.8891.com.tw/2021/04/27/1619510761884112_220_165.jpg,https://p2.8891.com.tw/2021/04/27/1619510761884112_300_225.jpg,6,,438.0,GLS,GLS,GLS 450,16.0,0.0,1.0,0.0,1.0,0.0,0.0,0.0,0.0,0.0,0.0,南投縣,手自排,2018,False,False,,[],0.0,[],0.0,0.0,1.0,1.0,3.0,0.0,0.0
6,2792245,688801,Porsche,35,3.0L,<b>2019</b>年,<b>8000</b>km,0.0,<b>電洽</b>,3,【滿吉國際】20年式 Panamera 4 Sport Turismo總代理,2021-06-16 17:00:54,<font>20分鐘內更新</font>,1.0,240,https://p2.8891.com.tw/2021/06/16/1623832103540664_220_165.jpg,https://p2.8891.com.tw/2021/06/16/1623832103540664_300_225.jpg,7,,240.0,Panamera4 Sport Turismo,Panamera4 Sport Turismo,,20.0,1.0,1.0,1.0,1.0,1.0,0.0,0.0,0.0,0.0,0.0,新北市,自手排,2020,False,False,,[],0.0,[],0.0,0.0,1.0,1.0,3.0,0.0,0.0
7,2779536,699002,Toyota,46,2.0L,<b>2013</b>年,<b>8.2</b>萬km,29.8,<b>29.8</b>萬,3,買車送✅10寸安卓機,2021-06-03 14:58:29,<font>22分鐘內更新</font>,,340,https://p2.8891.com.tw/2021/06/03/1622703152371866_220_165.jpg,https://p2.8891.com.tw/2021/06/03/1622703152371866_300_225.jpg,8,,340.0,Wish,Wish,,8.0,0.0,1.0,0.0,1.0,0.0,0.0,0.0,0.0,0.0,0.0,新北市,自排,2013,False,False,,[],0.0,[],0.0,0.0,1.0,1.0,3.0,0.0,0.0
8,2766506,127586,Toyota,46,2.4L,<b>2006</b>年,<b>3.0</b>萬km,46.8,<b>46.8</b>萬,3,實價登錄 (現車刊登) toyota solara se coupe,2021-05-20 16:04:29,<font>22分鐘內更新</font>,,761,https://p2.8891.com.tw/2021/05/20/1621497827091708_220_165.jpg,https://p2.8891.com.tw/2021/05/20/1621497827091708_300_225.jpg,9,,761.0,Solara,Solara,,18.0,0.0,1.0,1.0,1.0,0.0,0.0,0.0,0.0,0.0,0.0,桃園市,自排,2007,False,False,,[],0.0,[],0.0,0.0,1.0,1.0,3.0,0.0,0.0
9,2779932,314957,BMW,6,2.0L,<b>2017</b>年,<b>6.0</b>萬km,0.0,<b>電洽</b>,3,自售 2018 總代理 BMW G31 530i M Sport 全景 自動跟車,2021-06-03 19:04:18,<font>22分鐘內更新</font>,,266,https://p2.8891.com.tw/2020/11/09/7/1604931141552446_220_165.jpg,https://p2.8891.com.tw/2020/11/09/7/1604931141552446_300_225.jpg,10,,266.0,5-Series Touring,5-Series Touring,530i M Sport,19.0,0.0,1.0,0.0,1.0,0.0,0.0,0.0,0.0,0.0,1.0,台北市,手自排,2018,False,False,,[],0.0,[],0.0,0.0,1.0,1.0,3.0,0.0,0.0
10,2794003,159782,BMW,6,2.0L,<b>2018</b>年,<b>7.4</b>萬km,185.0,<b>185</b>萬,3,BMW X3 30i Msport 抬顯 全液晶  弘達國際 #65681,2021-06-18 13:07:15,<font>22分鐘內更新</font>,1.0,34,https://p2.8891.com.tw/2021/05/18/1621324486035960_220_165.jpg,https://p2.8891.com.tw/2021/05/18/1621324486035960_300_225.jpg,11,,34.0,X3,X3,XDrive30i M Sport,20.0,0.0,1.0,0.0,1.0,1.0,0.0,0.0,0.0,0.0,0.0,新北市,手自排,2018,False,False,,[],0.0,[],0.0,0.0,1.0,1.0,3.0,0.0,0.0
11,2768037,688801,Toyota,46,2.5L,<b>2021</b>年,<b>152</b>km,195.8,<b>195.8</b>萬,3,"【滿吉國際】LE 6/30到店,車測中,菁英版 八人座",2021-05-21 19:54:04,<font>27分鐘內更新</font>,,"<span class=""Red"">1542</span>",https://p1.8891.com.tw/2021/05/21/1621597571952437_220_165.jpg,https://p1.8891.com.tw/2021/05/21/1621597571952437_300_225.jpg,12,,1542.0,Sienna,Sienna,,13.0,0.0,1.0,1.0,1.0,0.0,0.0,0.0,0.0,0.0,0.0,新北市,手自排,2021,False,False,,[],0.0,[],0.0,0.0,1.0,1.0,3.0,0.0,0.0
12,2770964,246327,Suzuki,44,1.4L,<b>2019</b>年,<b>1.0</b>萬km,69.8,<b>69.8</b>萬,3,2019年 Vitara 1.4 頂級版,2021-05-25 14:21:55,<font>28分鐘內更新</font>,,763,https://p2.8891.com.tw/2021/05/25/1621921948137850_220_165.jpg,https://p2.8891.com.tw/2021/05/25/1621921948137850_300_225.jpg,13,,763.0,Vitara,Vitara,,8.0,0.0,1.0,0.0,1.0,0.0,0.0,0.0,0.0,0.0,0.0,新北市,手自排,2019,False,False,,[],0.0,[],0.0,0.0,1.0,1.0,3.0,0.0,0.0
13,2768059,688801,Toyota,46,2.5L,<b>2021</b>年,<b>154</b>km,258.8,<b>258.8</b>萬,3,"【滿吉國際】LTD 7/10 到店,車測中,限量版七人座",2021-05-21 19:55:00,<font>32分鐘內更新</font>,,"<span class=""Red"">1863</span>",https://p1.8891.com.tw/2021/05/21/1621594243124543_220_165.jpg,https://p1.8891.com.tw/2021/05/21/1621594243124543_300_225.jpg,14,,1863.0,Sienna,Sienna,,12.0,0.0,1.0,1.0,1.0,0.0,0.0,0.0,0.0,0.0,0.0,新北市,手自排,2021,False,False,,[],0.0,[],0.0,0.0,1.0,1.0,3.0,0.0,0.0
14,2790508,159782,Porsche,35,2.0L,<b>2017</b>年,<b>6.2</b>萬km,258.0,<b>258</b>萬,3,Porsche 718Boxster 前後雷達 17年弘達國際 #21933,2021-06-15 10:21:49,<font>34分鐘內更新</font>,1.0,331,https://p1.8891.com.tw/2021/05/14/1620972266058757_220_165.jpg,https://p1.8891.com.tw/2021/05/14/1620972266058757_300_225.jpg,15,,331.0,718 Boxster,718 Boxster,,17.0,0.0,1.0,0.0,1.0,1.0,0.0,0.0,0.0,0.0,0.0,新北市,手自排,2017,False,False,,[],0.0,[],0.0,0.0,1.0,1.0,3.0,0.0,0.0
15,2785082,183590,Honda,16,1.5L,<b>2018</b>年,<b>2.0</b>萬km,43.0,<b>43</b>萬,3,全車系全額貸款貸款利率優惠中/月付超低/信用小白/瑕疵強力過件,2021-06-09 11:37:35,<font>37分鐘內更新</font>,,589,https://p2.8891.com.tw/2021/06/07/1623046823218316_220_165.jpg,https://p2.8891.com.tw/2021/06/07/1623046823218316_300_225.jpg,16,,589.0,Fit,Fit,,20.0,0.0,1.0,0.0,1.0,0.0,0.0,0.0,0.0,0.0,0.0,桃園市,自排,2018,False,False,,[],0.0,[],0.0,0.0,1.0,1.0,3.0,0.0,0.0
16,2787992,706874,Toyota,46,3.5L,<b>2011</b>年,<b>11.0</b>萬km,68.0,<b>68</b>萬,3,,2021-06-11 17:56:43,<font>41分鐘內更新</font>,,541,https://p1.8891.com.tw/2021/06/11/1623404746908767_220_165.jpg,https://p1.8891.com.tw/2021/06/11/1623404746908767_300_225.jpg,17,,541.0,Alphard,Alphard,,14.0,0.0,1.0,0.0,1.0,0.0,0.0,0.0,0.0,0.0,0.0,彰化縣,自排,2011,False,False,,[],0.0,[],0.0,0.0,1.0,1.0,3.0,0.0,0.0
17,2791379,374794,Mercedes-Benz,27,2.0L,<b>2016</b>年,<b>9.5</b>萬km,153.0,<b>153</b>萬,3,Benz  GLC300  AMG  LED頭燈  自動停車系統  全景天窗,2021-06-15 19:54:12,<font>51分鐘內更新</font>,1.0,54,https://p2.8891.com.tw/2021/06/15/1623758014712934_220_165.jpg,https://p2.8891.com.tw/2021/06/15/1623758014712934_300_225.jpg,18,,54.0,GLC,GLC,GLC300,19.0,0.0,1.0,1.0,1.0,1.0,3.0,0.0,0.0,0.0,0.0,桃園市,手自排,2017,False,False,,[],0.0,[],0.0,0.0,1.0,1.0,3.0,0.0,0.0
18,2792961,374794,Mercedes-Benz,27,2.0L,<b>2017</b>年,<b>5.2</b>萬km,168.0,<b>168</b>萬,3,Benz 正17GLC300 AMG 雙魚眼頭燈 自動停車系統 全景天窗,2021-06-17 14:05:31,<font>51分鐘內更新</font>,1.0,89,https://p2.8891.com.tw/2021/05/17/1621238584217470_220_165.jpg,https://p2.8891.com.tw/2021/05/17/1621238584217470_300_225.jpg,19,,89.0,GLC,GLC,GLC300,19.0,0.0,1.0,0.0,1.0,1.0,2.0,0.0,0.0,0.0,0.0,桃園市,手自排,2017,False,False,,[],0.0,[],0.0,0.0,1.0,1.0,3.0,0.0,0.0
19,2793015,374794,Mercedes-Benz,27,3.0L,<b>2019</b>年,<b>5000</b>km,268.0,<b>268</b>萬,3,Benz C43 AMG 小改款 全液晶螢幕 賽車椅  23P 跑車排氣管,2021-06-17 14:51:04,<font>51分鐘內更新</font>,1.0,123,https://p1.8891.com.tw/2021/06/17/1623912604913321_220_165.jpg,https://p1.8891.com.tw/2021/06/17/1623912604913321_300_225.jpg,20,,123.0,C-Class Sedan,C-Class Sedan,AMG C43,20.0,0.0,1.0,1.0,1.0,1.0,0.0,0.0,0.0,0.0,0.0,桃園市,手自排,2019,False,False,,[],0.0,[],0.0,0.0,1.0,1.0,3.0,0.0,0.0
20,2792319,374794,BMW,6,3.0L,<b>2016</b>年,<b>5.9</b>萬km,195.0,<b>195</b>萬,3,G30 540i M版 5AT 抬頭顯示器 360度環景 弘達桃園#77660,2021-06-16 17:52:27,<font>51分鐘內更新</font>,1.0,149,https://p2.8891.com.tw/2021/05/07/4/1620319057545244_220_165.jpg,https://p2.8891.com.tw/2021/05/07/4/1620319057545244_300_225.jpg,21,,149.0,5-Series Sedan,5-Series Sedan,540i M Sport,20.0,0.0,1.0,1.0,1.0,1.0,2.0,0.0,0.0,0.0,0.0,桃園市,手自排,2017,False,False,,[],0.0,[],0.0,0.0,1.0,1.0,3.0,0.0,0.0
21,2791298,148922,Mercedes-Benz,27,1.8L,<b>2012</b>年,<b>18.0</b>萬km,63.8,<b>63.8</b>萬,3,雙門跑車 AMG精品改裝 全台最低價63萬出售(銀行可貸90萬),2021-06-15 18:47:44,<font>51分鐘內更新</font>,1.0,91,https://p1.8891.com.tw/2021/04/14/1618377136153679_220_165.jpg,https://p1.8891.com.tw/2021/04/14/1618377136153679_300_225.jpg,22,,91.0,C-Class Coupe,C-Class Coupe,C250,7.0,0.0,1.0,0.0,1.0,1.0,0.0,0.0,0.0,0.0,0.0,台北市,自手排,2012,False,False,,[],0.0,[],0.0,0.0,1.0,1.0,3.0,0.0,0.0
22,2776197,374794,Mercedes-Benz,27,2.0L,<b>2020</b>年,<b>1.2</b>萬km,222.0,<b>222</b>萬,3,Benz 正20 GLC300 AMG 低里程 全景天窗 360環景 自動停車,2021-05-31 13:45:11,<font>51分鐘內更新</font>,,559,https://p2.8891.com.tw/2021/05/31/1622439876510202_220_165.jpg,https://p2.8891.com.tw/2021/05/31/1622439876510202_300_225.jpg,23,,559.0,GLC,GLC,GLC300,20.0,0.0,1.0,1.0,1.0,0.0,0.0,0.0,0.0,0.0,0.0,桃園市,手自排,2020,False,False,,[],0.0,[],0.0,0.0,1.0,1.0,3.0,0.0,0.0
23,2770430,613697,Toyota,46,1.5L,<b>2016</b>年,<b>8.0</b>萬km,29.0,<b>29</b>萬,3,超貸找現金/小車大空間/省油省稅金/保值車款,2021-05-24 18:45:49,<font>51分鐘內更新</font>,,797,https://p1.8891.com.tw/2021/05/24/1621853054910167_220_165.jpg,https://p1.8891.com.tw/2021/05/24/1621853054910167_300_225.jpg,24,,797.0,Yaris,Yaris,,20.0,0.0,1.0,0.0,1.0,0.0,0.0,0.0,0.0,0.0,0.0,桃園市,手自排,2016,False,False,,[],0.0,[],0.0,0.0,1.0,1.0,3.0,0.0,0.0
24,2794238,374794,Mercedes-Benz,27,2.0L,<b>2016</b>年,<b>4.0</b>萬km,158.0,<b>158</b>萬,3,Benz C300 AMG 夜色套件 23P 電動後尾門 雙魚眼頭燈,2021-06-18 15:44:43,<font>51分鐘內更新</font>,1.0,49,https://p1.8891.com.tw/2021/06/18/1624002236257353_220_165.jpg,https://p1.8891.com.tw/2021/06/18/1624002236257353_300_225.jpg,25,,49.0,C-Class Sedan,C-Class Sedan,C300,13.0,0.0,1.0,1.0,1.0,1.0,1.0,0.0,0.0,0.0,0.0,桃園市,手自排,2017,False,False,,[],0.0,[],0.0,0.0,1.0,1.0,3.0,0.0,0.0
25,2792998,374794,Mercedes-Benz,27,2.0L,<b>2020</b>年,<b>1000</b>km,183.0,<b>183</b>萬,3,BENZ 正20  A250  AMG 夜色套件  天窗  雙液晶螢幕 桃園弘達,2021-06-17 14:37:25,<font>51分鐘內更新</font>,1.0,87,https://p2.8891.com.tw/2021/06/17/1623911794290480_220_165.jpg,https://p2.8891.com.tw/2021/06/17/1623911794290480_300_225.jpg,26,,87.0,A-Class,A-Class,A250,20.0,0.0,1.0,1.0,1.0,1.0,0.0,0.0,0.0,0.0,0.0,桃園市,手自排,2020,False,False,,[],0.0,[],0.0,0.0,1.0,1.0,3.0,0.0,0.0
26,2793997,159782,Mercedes-Benz,27,2.0L,<b>2018</b>年,<b>3.5</b>萬km,152.0,<b>152</b>萬,3,BENZ C300 AppleCarPlay 19年 弘達國際#284512,2021-06-18 13:05:05,<font>53分鐘內更新</font>,1.0,33,https://p2.8891.com.tw/2021/05/19/1621388595520492_220_165.jpg,https://p2.8891.com.tw/2021/05/19/1621388595520492_300_225.jpg,27,,33.0,C-Class Sedan,C-Class Sedan,C300,18.0,0.0,1.0,0.0,1.0,1.0,0.0,0.0,0.0,0.0,0.0,新北市,手自排,2019,False,False,,[],0.0,[],0.0,0.0,1.0,1.0,3.0,0.0,0.0
27,2767600,688801,Mercedes-Benz,27,2.0L,<b>2021</b>年,<b>1</b>km,232.8,<b>232.8</b>萬,3,【滿吉國際】SUV 4Matic x LED x 全景天窗 x Carplay,2021-05-21 19:37:17,<font>57分鐘內更新</font>,,"<span class=""Red"">1719</span>",https://p2.8891.com.tw/2021/05/21/1621583094556620_220_165.jpg,https://p2.8891.com.tw/2021/05/21/1621583094556620_300_225.jpg,28,,1719.0,GLC,GLC,GLC300,18.0,1.0,1.0,1.0,1.0,0.0,0.0,0.0,0.0,0.0,0.0,新北市,手自排,2021,False,False,,[],0.0,[],0.0,0.0,1.0,1.0,3.0,0.0,0.0
28,2709598,154274,Mazda,29,2.0L,<b>2019</b>年,<b>6000</b>km,90.8,<b>90.8</b>萬,3,旗艦進化 僅跑5仟 可全額貸款 【八德-德國萊因認證車】,2021-03-24 19:57:19,<font>57分鐘內更新</font>,,"<span class=""Red"">7270</span>",https://p2.8891.com.tw/2021/03/24/1616593696874836_220_165.jpg,https://p2.8891.com.tw/2021/03/24/1616593696874836_300_225.jpg,29,,7270.0,6,6,,10.0,0.0,1.0,0.0,1.0,0.0,0.0,0.0,0.0,1.0,0.0,台北市,手自排,2019,False,False,,[],0.0,[],0.0,0.0,1.0,1.0,3.0,0.0,0.0
29,2794128,159782,BMW,6,1.1L以下,<b>2015</b>年,<b>1.8</b>萬km,88.0,<b>88</b>萬,3,BMW i3REX 電動車 15年 弘達國際 #501127,2021-06-18 14:31:33,<font>59分鐘內更新</font>,1.0,66,https://p1.8891.com.tw/2018/12/03/2/1543822440258771_220_165.jpg,https://p1.8891.com.tw/2018/12/03/2/1543822440258771_300_225.jpg,30,,66.0,i3,I3,REX,18.0,0.0,1.0,0.0,1.0,1.0,0.0,0.0,0.0,0.0,0.0,新北市,自排,2015,False,False,,[],0.0,[],0.0,0.0,1.0,1.0,3.0,0.0,0.0
30,2794125,159782,BMW,6,1.5L,<b>2016</b>年,<b>2.1</b>萬km,368.0,<b>368</b>萬,3,BMW i8 COUPE 油電超跑 雷射頭燈 正16年 弘達國際,2021-06-18 14:30:44,<font>59分鐘內更新</font>,1.0,118,https://p2.8891.com.tw/2020/04/15/2/1586940956634660_220_165.jpg,https://p2.8891.com.tw/2020/04/15/2/1586940956634660_300_225.jpg,31,,118.0,i8,I8,Coupe,20.0,0.0,1.0,0.0,1.0,1.0,0.0,0.0,0.0,0.0,0.0,新北市,手自排,2016,False,False,,[],0.0,[],0.0,0.0,1.0,1.0,3.0,0.0,0.0
31,2794130,159782,Mercedes-Benz,27,2.0L,<b>2018</b>年,<b>5.7</b>萬km,168.0,<b>168</b>萬,3,BENZ C300 AMG 夜色 免鑰 大螢幕 弘達國際#87630,2021-06-18 14:31:49,<font>59分鐘內更新</font>,1.0,45,https://p2.8891.com.tw/2021/01/14/1610618488341828_220_165.jpg,https://p2.8891.com.tw/2021/01/14/1610618488341828_300_225.jpg,32,,45.0,C-Class Sedan,C-Class Sedan,C300,20.0,0.0,1.0,0.0,1.0,1.0,0.0,0.0,0.0,0.0,0.0,新北市,手自排,2019,False,False,,[],0.0,[],0.0,0.0,1.0,1.0,3.0,0.0,0.0
32,2794127,159782,Porsche,35,2.0L,<b>2017</b>年,<b>7.6</b>萬km,195.0,<b>195</b>萬,3,Porsche MACAN 14向電動椅 全景免鑰匙 17年弘達國際#82525,2021-06-18 14:31:14,<font>59分鐘內更新</font>,1.0,20,https://p1.8891.com.tw/2020/10/15/1602754564277907_220_165.jpg,https://p1.8891.com.tw/2020/10/15/1602754564277907_300_225.jpg,33,,20.0,Macan,Macan,,20.0,0.0,1.0,0.0,1.0,1.0,0.0,0.0,0.0,0.0,0.0,新北市,手自排,2017,False,False,,[],0.0,[],0.0,0.0,1.0,1.0,3.0,0.0,0.0
33,2793000,159782,BMW,6,3.0L,<b>2016</b>年,<b>6.1</b>萬km,248.0,<b>248</b>萬,3,BMW 740Msport 稀有高級四座沙發 16年 弘達國際 #547974,2021-06-17 14:42:54,<font>2小時內更新</font>,1.0,90,https://p1.8891.com.tw/2021/04/16/1618553251320811_220_165.jpg,https://p1.8891.com.tw/2021/04/16/1618553251320811_300_225.jpg,34,,90.0,7-Series,7-Series,740i M Sport,20.0,0.0,1.0,0.0,1.0,1.0,0.0,0.0,0.0,0.0,0.0,新北市,手自排,2016,False,False,,[],0.0,[],0.0,0.0,1.0,1.0,3.0,0.0,0.0
34,2773572,176120,Mercedes-Benz,27,1.8L,<b>2009</b>年,<b>12.0</b>萬km,59.8,<b>59.8</b>萬,3,"全原廠保養,無漏油無異音",2021-05-28 08:06:05,<font>2小時內更新</font>,,337,https://p2.8891.com.tw/2021/05/28/1622159902449672_220_165.jpg,https://p2.8891.com.tw/2021/05/28/1622159902449672_300_225.jpg,35,,337.0,C-Class Estate,C-Class Estate,C200,14.0,0.0,1.0,0.0,1.0,0.0,0.0,0.0,0.0,0.0,0.0,台北市,手自排,2010,False,False,,[],0.0,[],0.0,0.0,1.0,1.0,3.0,0.0,0.0
35,2793022,210370,Mercedes-Benz,27,2.3L,<b>1990</b>年前,<b>16.0</b>萬km,22.9,<b>22.9</b>萬,3,售1984年BENZ-230E值得收藏.漂亮老車,2021-06-17 14:57:39,<font>2小時內更新</font>,1.0,78,https://p1.8891.com.tw/2021/06/17/1623912741808989_220_165.jpg,https://p1.8891.com.tw/2021/06/17/1623912741808989_300_225.jpg,36,,78.0,E-Class Sedan,E-Class Sedan,E230,5.0,0.0,1.0,0.0,1.0,1.0,0.0,0.0,0.0,0.0,0.0,台中市,自排,1990年以前,False,False,,[],0.0,[],0.0,0.0,1.0,1.0,3.0,0.0,0.0
36,2790506,159782,BMW,6,2.0L,<b>2020</b>年,<b>100</b>km,268.0,<b>268</b>萬,3,BMW X4 Msport 5AU 全新車 21年 弘達國際 #16260,2021-06-15 10:21:27,<font>2小時內更新</font>,1.0,369,https://p2.8891.com.tw/2021/05/14/1620972729273236_220_165.jpg,https://p2.8891.com.tw/2021/05/14/1620972729273236_300_225.jpg,37,,369.0,X4,X4,XDrive30i M Sport,20.0,0.0,1.0,0.0,1.0,1.0,0.0,0.0,0.0,0.0,0.0,新北市,手自排,2021,False,False,,[],0.0,[],0.0,0.0,1.0,1.0,3.0,0.0,0.0
37,2785088,183590,Nissan,32,1.6L,<b>2016</b>年,<b>8.0</b>萬km,42.0,<b>42</b>萬,3,全車系全額貸款貸款利率優惠中/月付超低/信用小白/瑕疵強力過件,2021-06-09 11:42:14,<font>2小時內更新</font>,,272,https://p2.8891.com.tw/2021/06/07/1623047173635860_220_165.jpg,https://p2.8891.com.tw/2021/06/07/1623047173635860_300_225.jpg,38,,272.0,Juke,Juke,,12.0,0.0,1.0,0.0,1.0,0.0,0.0,0.0,0.0,0.0,1.0,桃園市,自排,2016,False,False,,[],0.0,[],0.0,0.0,1.0,1.0,3.0,0.0,0.0
38,2715411,283974,Suzuki,44,1.5L,<b>2009</b>年,<b>6.0</b>萬km,10.0,<b>10</b>萬,3,FB搜尋:【金美麗汽車廣場】『免頭款、全額貸』 我的用心 讓你放心,2021-03-31 16:07:17,<font>2小時內更新</font>,,"<span class=""Red"">10066</span>",https://p2.8891.com.tw/2021/03/31/1617157535970842_220_165.jpg,https://p2.8891.com.tw/2021/03/31/1617157535970842_300_225.jpg,39,,10066.0,Swift,Swift,,9.0,0.0,1.0,0.0,1.0,0.0,0.0,0.0,0.0,0.0,0.0,桃園市,自排,2009,False,False,,[],0.0,[],0.0,0.0,1.0,1.0,3.0,0.0,0.0
39,2772324,374794,Mercedes-Benz,27,2.0L,<b>2019</b>年,<b>3.7</b>萬km,188.0,<b>188</b>萬,3,Benz CLA250 AMG 夜色套件 全景天窗 真皮座椅  弘達桃園,2021-05-26 17:22:44,<font>2小時內更新</font>,,"<span class=""Red"">1577</span>",https://p1.8891.com.tw/2021/06/17/1623911276225725_220_165.jpg,https://p1.8891.com.tw/2021/06/17/1623911276225725_300_225.jpg,40,,1577.0,CLA,CLA,CLA250,16.0,0.0,1.0,1.0,1.0,0.0,1.0,0.0,0.0,0.0,0.0,桃園市,手自排,2020,False,False,,[],0.0,[],0.0,0.0,1.0,1.0,3.0,0.0,0.0
0,2794120,159782,Porsche,35,2.0L,<b>2017</b>年,<b>7.1</b>萬km,193.0,<b>193</b>萬,3,Porsche MACAN 電動椅 全景 倒車顯影 弘達國際#81318,2021-06-18 14:28:26,<font>2分鐘內更新</font>,1.0,20,https://p2.8891.com.tw/2020/11/12/1605169332867296_220_165.jpg,https://p2.8891.com.tw/2020/11/12/1605169332867296_300_225.jpg,1,,20.0,Macan,Macan,,20.0,0.0,1.0,0.0,1.0,1.0,0.0,0.0,0.0,0.0,0.0,新北市,手自排,2017,False,False,,[],0.0,[],0.0,0.0,1.0,1.0,3.0,0.0,0.0
1,2769376,557171,Audi,4,1.4L,<b>2018</b>年,<b>9.0</b>萬km,118.0,<b>118</b>萬,3,女用業務自售車,2021-05-23 16:02:00,<font>2分鐘內更新</font>,,551,https://p1.8891.com.tw/2021/05/23/1621756384097033_220_165.jpg,https://p1.8891.com.tw/2021/05/23/1621756384097033_300_225.jpg,2,,551.0,Q2,Q2,,4.0,0.0,1.0,0.0,1.0,0.0,0.0,0.0,0.0,0.0,0.0,台中市,手自排,2018,False,False,,[],0.0,[],0.0,0.0,1.0,1.0,3.0,0.0,0.0
2,2768034,688801,Toyota,46,2.5L,<b>2021</b>年,<b>171</b>km,253.8,<b>253.8</b>萬,3,"【滿吉國際】LTD 7/10到店,車測中,限量版七人座",2021-05-21 19:52:17,<font>8分鐘內更新</font>,,"<span class=""Red"">1589</span>",https://p1.8891.com.tw/2021/05/21/1621593699383721_220_165.jpg,https://p1.8891.com.tw/2021/05/21/1621593699383721_300_225.jpg,3,,1589.0,Sienna,Sienna,,12.0,0.0,1.0,1.0,1.0,0.0,0.0,0.0,0.0,0.0,0.0,新北市,手自排,2021,False,False,,[],0.0,[],0.0,0.0,1.0,1.0,3.0,0.0,0.0
3,2794001,159782,Mercedes-Benz,27,2.0L,<b>2017</b>年,<b>7.5</b>萬km,162.0,<b>162</b>萬,3,BENZ GLC300 AMG 魚眼頭燈 全景 17年 弘達國際#17594,2021-06-18 13:06:31,<font>9分鐘內更新</font>,1.0,20,https://p1.8891.com.tw/2021/05/18/1621329487898117_220_165.jpg,https://p1.8891.com.tw/2021/05/18/1621329487898117_300_225.jpg,4,,20.0,GLC,GLC,GLC300,13.0,0.0,1.0,0.0,1.0,1.0,0.0,0.0,0.0,0.0,0.0,新北市,手自排,2018,False,False,,[],0.0,[],0.0,0.0,1.0,1.0,3.0,0.0,0.0
4,2681475,347255,Mercedes-Benz,27,2.0L,<b>2017</b>年,<b>5.6</b>萬km,176.0,<b>176</b>萬,3,GLC300升級 20款GLC43樣式 360環景 駐車雷達 原廠認證 大螢幕,2021-02-25 14:41:08,<font>12分鐘內更新</font>,,"<span class=""Red"">13308</span>",https://p2.8891.com.tw/2021/06/12/1623491005728468_220_165.jpg,https://p2.8891.com.tw/2021/06/12/1623491005728468_300_225.jpg,5,,13308.0,GLC,GLC,GLC300,20.0,0.0,1.0,0.0,1.0,0.0,0.0,0.0,0.0,0.0,0.0,高雄市,手自排,2017,False,False,,[],0.0,[],0.0,0.0,1.0,1.0,3.0,0.0,0.0
5,2778520,229294,Mercedes-Benz,27,3.0L,<b>2017</b>年,<b>3.0</b>萬km,0.0,<b>電洽</b>,3,AMG性能版/23P駕駛輔助/經銷商認證車/新車保固/全台售服據點支援,2021-06-02 15:57:46,<font>12分鐘內更新</font>,,438,https://p2.8891.com.tw/2021/04/27/1619510761884112_220_165.jpg,https://p2.8891.com.tw/2021/04/27/1619510761884112_300_225.jpg,6,,438.0,GLS,GLS,GLS 450,16.0,0.0,1.0,0.0,1.0,0.0,0.0,0.0,0.0,0.0,0.0,南投縣,手自排,2018,False,False,,[],0.0,[],0.0,0.0,1.0,1.0,3.0,0.0,0.0
6,2792245,688801,Porsche,35,3.0L,<b>2019</b>年,<b>8000</b>km,0.0,<b>電洽</b>,3,【滿吉國際】20年式 Panamera 4 Sport Turismo總代理,2021-06-16 17:00:54,<font>20分鐘內更新</font>,1.0,240,https://p2.8891.com.tw/2021/06/16/1623832103540664_220_165.jpg,https://p2.8891.com.tw/2021/06/16/1623832103540664_300_225.jpg,7,,240.0,Panamera4 Sport Turismo,Panamera4 Sport Turismo,,20.0,1.0,1.0,1.0,1.0,1.0,0.0,0.0,0.0,0.0,0.0,新北市,自手排,2020,False,False,,[],0.0,[],0.0,0.0,1.0,1.0,3.0,0.0,0.0
7,2779536,699002,Toyota,46,2.0L,<b>2013</b>年,<b>8.2</b>萬km,29.8,<b>29.8</b>萬,3,買車送✅10寸安卓機,2021-06-03 14:58:29,<font>22分鐘內更新</font>,,340,https://p2.8891.com.tw/2021/06/03/1622703152371866_220_165.jpg,https://p2.8891.com.tw/2021/06/03/1622703152371866_300_225.jpg,8,,340.0,Wish,Wish,,8.0,0.0,1.0,0.0,1.0,0.0,0.0,0.0,0.0,0.0,0.0,新北市,自排,2013,False,False,,[],0.0,[],0.0,0.0,1.0,1.0,3.0,0.0,0.0
8,2766506,127586,Toyota,46,2.4L,<b>2006</b>年,<b>3.0</b>萬km,46.8,<b>46.8</b>萬,3,實價登錄 (現車刊登) toyota solara se coupe,2021-05-20 16:04:29,<font>22分鐘內更新</font>,,761,https://p2.8891.com.tw/2021/05/20/1621497827091708_220_165.jpg,https://p2.8891.com.tw/2021/05/20/1621497827091708_300_225.jpg,9,,761.0,Solara,Solara,,18.0,0.0,1.0,1.0,1.0,0.0,0.0,0.0,0.0,0.0,0.0,桃園市,自排,2007,False,False,,[],0.0,[],0.0,0.0,1.0,1.0,3.0,0.0,0.0
9,2779932,314957,BMW,6,2.0L,<b>2017</b>年,<b>6.0</b>萬km,0.0,<b>電洽</b>,3,自售 2018 總代理 BMW G31 530i M Sport 全景 自動跟車,2021-06-03 19:04:18,<font>22分鐘內更新</font>,,266,https://p2.8891.com.tw/2020/11/09/7/1604931141552446_220_165.jpg,https://p2.8891.com.tw/2020/11/09/7/1604931141552446_300_225.jpg,10,,266.0,5-Series Touring,5-Series Touring,530i M Sport,19.0,0.0,1.0,0.0,1.0,0.0,0.0,0.0,0.0,0.0,1.0,台北市,手自排,2018,False,False,,[],0.0,[],0.0,0.0,1.0,1.0,3.0,0.0,0.0
10,2794003,159782,BMW,6,2.0L,<b>2018</b>年,<b>7.4</b>萬km,185.0,<b>185</b>萬,3,BMW X3 30i Msport 抬顯 全液晶  弘達國際 #65681,2021-06-18 13:07:15,<font>22分鐘內更新</font>,1.0,34,https://p2.8891.com.tw/2021/05/18/1621324486035960_220_165.jpg,https://p2.8891.com.tw/2021/05/18/1621324486035960_300_225.jpg,11,,34.0,X3,X3,XDrive30i M Sport,20.0,0.0,1.0,0.0,1.0,1.0,0.0,0.0,0.0,0.0,0.0,新北市,手自排,2018,False,False,,[],0.0,[],0.0,0.0,1.0,1.0,3.0,0.0,0.0
11,2768037,688801,Toyota,46,2.5L,<b>2021</b>年,<b>152</b>km,195.8,<b>195.8</b>萬,3,"【滿吉國際】LE 6/30到店,車測中,菁英版 八人座",2021-05-21 19:54:04,<font>27分鐘內更新</font>,,"<span class=""Red"">1542</span>",https://p1.8891.com.tw/2021/05/21/1621597571952437_220_165.jpg,https://p1.8891.com.tw/2021/05/21/1621597571952437_300_225.jpg,12,,1542.0,Sienna,Sienna,,13.0,0.0,1.0,1.0,1.0,0.0,0.0,0.0,0.0,0.0,0.0,新北市,手自排,2021,False,False,,[],0.0,[],0.0,0.0,1.0,1.0,3.0,0.0,0.0
12,2770964,246327,Suzuki,44,1.4L,<b>2019</b>年,<b>1.0</b>萬km,69.8,<b>69.8</b>萬,3,2019年 Vitara 1.4 頂級版,2021-05-25 14:21:55,<font>28分鐘內更新</font>,,763,https://p2.8891.com.tw/2021/05/25/1621921948137850_220_165.jpg,https://p2.8891.com.tw/2021/05/25/1621921948137850_300_225.jpg,13,,763.0,Vitara,Vitara,,8.0,0.0,1.0,0.0,1.0,0.0,0.0,0.0,0.0,0.0,0.0,新北市,手自排,2019,False,False,,[],0.0,[],0.0,0.0,1.0,1.0,3.0,0.0,0.0
13,2768059,688801,Toyota,46,2.5L,<b>2021</b>年,<b>154</b>km,258.8,<b>258.8</b>萬,3,"【滿吉國際】LTD 7/10 到店,車測中,限量版七人座",2021-05-21 19:55:00,<font>32分鐘內更新</font>,,"<span class=""Red"">1863</span>",https://p1.8891.com.tw/2021/05/21/1621594243124543_220_165.jpg,https://p1.8891.com.tw/2021/05/21/1621594243124543_300_225.jpg,14,,1863.0,Sienna,Sienna,,12.0,0.0,1.0,1.0,1.0,0.0,0.0,0.0,0.0,0.0,0.0,新北市,手自排,2021,False,False,,[],0.0,[],0.0,0.0,1.0,1.0,3.0,0.0,0.0
14,2790508,159782,Porsche,35,2.0L,<b>2017</b>年,<b>6.2</b>萬km,258.0,<b>258</b>萬,3,Porsche 718Boxster 前後雷達 17年弘達國際 #21933,2021-06-15 10:21:49,<font>34分鐘內更新</font>,1.0,331,https://p1.8891.com.tw/2021/05/14/1620972266058757_220_165.jpg,https://p1.8891.com.tw/2021/05/14/1620972266058757_300_225.jpg,15,,331.0,718 Boxster,718 Boxster,,17.0,0.0,1.0,0.0,1.0,1.0,0.0,0.0,0.0,0.0,0.0,新北市,手自排,2017,False,False,,[],0.0,[],0.0,0.0,1.0,1.0,3.0,0.0,0.0
15,2785082,183590,Honda,16,1.5L,<b>2018</b>年,<b>2.0</b>萬km,43.0,<b>43</b>萬,3,全車系全額貸款貸款利率優惠中/月付超低/信用小白/瑕疵強力過件,2021-06-09 11:37:35,<font>37分鐘內更新</font>,,589,https://p2.8891.com.tw/2021/06/07/1623046823218316_220_165.jpg,https://p2.8891.com.tw/2021/06/07/1623046823218316_300_225.jpg,16,,589.0,Fit,Fit,,20.0,0.0,1.0,0.0,1.0,0.0,0.0,0.0,0.0,0.0,0.0,桃園市,自排,2018,False,False,,[],0.0,[],0.0,0.0,1.0,1.0,3.0,0.0,0.0
16,2787992,706874,Toyota,46,3.5L,<b>2011</b>年,<b>11.0</b>萬km,68.0,<b>68</b>萬,3,,2021-06-11 17:56:43,<font>41分鐘內更新</font>,,541,https://p1.8891.com.tw/2021/06/11/1623404746908767_220_165.jpg,https://p1.8891.com.tw/2021/06/11/1623404746908767_300_225.jpg,17,,541.0,Alphard,Alphard,,14.0,0.0,1.0,0.0,1.0,0.0,0.0,0.0,0.0,0.0,0.0,彰化縣,自排,2011,False,False,,[],0.0,[],0.0,0.0,1.0,1.0,3.0,0.0,0.0
17,2791379,374794,Mercedes-Benz,27,2.0L,<b>2016</b>年,<b>9.5</b>萬km,153.0,<b>153</b>萬,3,Benz  GLC300  AMG  LED頭燈  自動停車系統  全景天窗,2021-06-15 19:54:12,<font>51分鐘內更新</font>,1.0,54,https://p2.8891.com.tw/2021/06/15/1623758014712934_220_165.jpg,https://p2.8891.com.tw/2021/06/15/1623758014712934_300_225.jpg,18,,54.0,GLC,GLC,GLC300,19.0,0.0,1.0,1.0,1.0,1.0,3.0,0.0,0.0,0.0,0.0,桃園市,手自排,2017,False,False,,[],0.0,[],0.0,0.0,1.0,1.0,3.0,0.0,0.0
18,2792961,374794,Mercedes-Benz,27,2.0L,<b>2017</b>年,<b>5.2</b>萬km,168.0,<b>168</b>萬,3,Benz 正17GLC300 AMG 雙魚眼頭燈 自動停車系統 全景天窗,2021-06-17 14:05:31,<font>51分鐘內更新</font>,1.0,89,https://p2.8891.com.tw/2021/05/17/1621238584217470_220_165.jpg,https://p2.8891.com.tw/2021/05/17/1621238584217470_300_225.jpg,19,,89.0,GLC,GLC,GLC300,19.0,0.0,1.0,0.0,1.0,1.0,2.0,0.0,0.0,0.0,0.0,桃園市,手自排,2017,False,False,,[],0.0,[],0.0,0.0,1.0,1.0,3.0,0.0,0.0
19,2793015,374794,Mercedes-Benz,27,3.0L,<b>2019</b>年,<b>5000</b>km,268.0,<b>268</b>萬,3,Benz C43 AMG 小改款 全液晶螢幕 賽車椅  23P 跑車排氣管,2021-06-17 14:51:04,<font>51分鐘內更新</font>,1.0,123,https://p1.8891.com.tw/2021/06/17/1623912604913321_220_165.jpg,https://p1.8891.com.tw/2021/06/17/1623912604913321_300_225.jpg,20,,123.0,C-Class Sedan,C-Class Sedan,AMG C43,20.0,0.0,1.0,1.0,1.0,1.0,0.0,0.0,0.0,0.0,0.0,桃園市,手自排,2019,False,False,,[],0.0,[],0.0,0.0,1.0,1.0,3.0,0.0,0.0
20,2792319,374794,BMW,6,3.0L,<b>2016</b>年,<b>5.9</b>萬km,195.0,<b>195</b>萬,3,G30 540i M版 5AT 抬頭顯示器 360度環景 弘達桃園#77660,2021-06-16 17:52:27,<font>51分鐘內更新</font>,1.0,149,https://p2.8891.com.tw/2021/05/07/4/1620319057545244_220_165.jpg,https://p2.8891.com.tw/2021/05/07/4/1620319057545244_300_225.jpg,21,,149.0,5-Series Sedan,5-Series Sedan,540i M Sport,20.0,0.0,1.0,1.0,1.0,1.0,2.0,0.0,0.0,0.0,0.0,桃園市,手自排,2017,False,False,,[],0.0,[],0.0,0.0,1.0,1.0,3.0,0.0,0.0
21,2791298,148922,Mercedes-Benz,27,1.8L,<b>2012</b>年,<b>18.0</b>萬km,63.8,<b>63.8</b>萬,3,雙門跑車 AMG精品改裝 全台最低價63萬出售(銀行可貸90萬),2021-06-15 18:47:44,<font>51分鐘內更新</font>,1.0,91,https://p1.8891.com.tw/2021/04/14/1618377136153679_220_165.jpg,https://p1.8891.com.tw/2021/04/14/1618377136153679_300_225.jpg,22,,91.0,C-Class Coupe,C-Class Coupe,C250,7.0,0.0,1.0,0.0,1.0,1.0,0.0,0.0,0.0,0.0,0.0,台北市,自手排,2012,False,False,,[],0.0,[],0.0,0.0,1.0,1.0,3.0,0.0,0.0
22,2776197,374794,Mercedes-Benz,27,2.0L,<b>2020</b>年,<b>1.2</b>萬km,222.0,<b>222</b>萬,3,Benz 正20 GLC300 AMG 低里程 全景天窗 360環景 自動停車,2021-05-31 13:45:11,<font>51分鐘內更新</font>,,559,https://p2.8891.com.tw/2021/05/31/1622439876510202_220_165.jpg,https://p2.8891.com.tw/2021/05/31/1622439876510202_300_225.jpg,23,,559.0,GLC,GLC,GLC300,20.0,0.0,1.0,1.0,1.0,0.0,0.0,0.0,0.0,0.0,0.0,桃園市,手自排,2020,False,False,,[],0.0,[],0.0,0.0,1.0,1.0,3.0,0.0,0.0
23,2770430,613697,Toyota,46,1.5L,<b>2016</b>年,<b>8.0</b>萬km,29.0,<b>29</b>萬,3,超貸找現金/小車大空間/省油省稅金/保值車款,2021-05-24 18:45:49,<font>51分鐘內更新</font>,,797,https://p1.8891.com.tw/2021/05/24/1621853054910167_220_165.jpg,https://p1.8891.com.tw/2021/05/24/1621853054910167_300_225.jpg,24,,797.0,Yaris,Yaris,,20.0,0.0,1.0,0.0,1.0,0.0,0.0,0.0,0.0,0.0,0.0,桃園市,手自排,2016,False,False,,[],0.0,[],0.0,0.0,1.0,1.0,3.0,0.0,0.0
24,2794238,374794,Mercedes-Benz,27,2.0L,<b>2016</b>年,<b>4.0</b>萬km,158.0,<b>158</b>萬,3,Benz C300 AMG 夜色套件 23P 電動後尾門 雙魚眼頭燈,2021-06-18 15:44:43,<font>51分鐘內更新</font>,1.0,49,https://p1.8891.com.tw/2021/06/18/1624002236257353_220_165.jpg,https://p1.8891.com.tw/2021/06/18/1624002236257353_300_225.jpg,25,,49.0,C-Class Sedan,C-Class Sedan,C300,13.0,0.0,1.0,1.0,1.0,1.0,1.0,0.0,0.0,0.0,0.0,桃園市,手自排,2017,False,False,,[],0.0,[],0.0,0.0,1.0,1.0,3.0,0.0,0.0
25,2792998,374794,Mercedes-Benz,27,2.0L,<b>2020</b>年,<b>1000</b>km,183.0,<b>183</b>萬,3,BENZ 正20  A250  AMG 夜色套件  天窗  雙液晶螢幕 桃園弘達,2021-06-17 14:37:25,<font>51分鐘內更新</font>,1.0,87,https://p2.8891.com.tw/2021/06/17/1623911794290480_220_165.jpg,https://p2.8891.com.tw/2021/06/17/1623911794290480_300_225.jpg,26,,87.0,A-Class,A-Class,A250,20.0,0.0,1.0,1.0,1.0,1.0,0.0,0.0,0.0,0.0,0.0,桃園市,手自排,2020,False,False,,[],0.0,[],0.0,0.0,1.0,1.0,3.0,0.0,0.0
26,2793997,159782,Mercedes-Benz,27,2.0L,<b>2018</b>年,<b>3.5</b>萬km,152.0,<b>152</b>萬,3,BENZ C300 AppleCarPlay 19年 弘達國際#284512,2021-06-18 13:05:05,<font>53分鐘內更新</font>,1.0,33,https://p2.8891.com.tw/2021/05/19/1621388595520492_220_165.jpg,https://p2.8891.com.tw/2021/05/19/1621388595520492_300_225.jpg,27,,33.0,C-Class Sedan,C-Class Sedan,C300,18.0,0.0,1.0,0.0,1.0,1.0,0.0,0.0,0.0,0.0,0.0,新北市,手自排,2019,False,False,,[],0.0,[],0.0,0.0,1.0,1.0,3.0,0.0,0.0
27,2767600,688801,Mercedes-Benz,27,2.0L,<b>2021</b>年,<b>1</b>km,232.8,<b>232.8</b>萬,3,【滿吉國際】SUV 4Matic x LED x 全景天窗 x Carplay,2021-05-21 19:37:17,<font>57分鐘內更新</font>,,"<span class=""Red"">1719</span>",https://p2.8891.com.tw/2021/05/21/1621583094556620_220_165.jpg,https://p2.8891.com.tw/2021/05/21/1621583094556620_300_225.jpg,28,,1719.0,GLC,GLC,GLC300,18.0,1.0,1.0,1.0,1.0,0.0,0.0,0.0,0.0,0.0,0.0,新北市,手自排,2021,False,False,,[],0.0,[],0.0,0.0,1.0,1.0,3.0,0.0,0.0
28,2709598,154274,Mazda,29,2.0L,<b>2019</b>年,<b>6000</b>km,90.8,<b>90.8</b>萬,3,旗艦進化 僅跑5仟 可全額貸款 【八德-德國萊因認證車】,2021-03-24 19:57:19,<font>57分鐘內更新</font>,,"<span class=""Red"">7270</span>",https://p2.8891.com.tw/2021/03/24/1616593696874836_220_165.jpg,https://p2.8891.com.tw/2021/03/24/1616593696874836_300_225.jpg,29,,7270.0,6,6,,10.0,0.0,1.0,0.0,1.0,0.0,0.0,0.0,0.0,1.0,0.0,台北市,手自排,2019,False,False,,[],0.0,[],0.0,0.0,1.0,1.0,3.0,0.0,0.0
29,2794128,159782,BMW,6,1.1L以下,<b>2015</b>年,<b>1.8</b>萬km,88.0,<b>88</b>萬,3,BMW i3REX 電動車 15年 弘達國際 #501127,2021-06-18 14:31:33,<font>59分鐘內更新</font>,1.0,66,https://p1.8891.com.tw/2018/12/03/2/1543822440258771_220_165.jpg,https://p1.8891.com.tw/2018/12/03/2/1543822440258771_300_225.jpg,30,,66.0,i3,I3,REX,18.0,0.0,1.0,0.0,1.0,1.0,0.0,0.0,0.0,0.0,0.0,新北市,自排,2015,False,False,,[],0.0,[],0.0,0.0,1.0,1.0,3.0,0.0,0.0
30,2794125,159782,BMW,6,1.5L,<b>2016</b>年,<b>2.1</b>萬km,368.0,<b>368</b>萬,3,BMW i8 COUPE 油電超跑 雷射頭燈 正16年 弘達國際,2021-06-18 14:30:44,<font>59分鐘內更新</font>,1.0,118,https://p2.8891.com.tw/2020/04/15/2/1586940956634660_220_165.jpg,https://p2.8891.com.tw/2020/04/15/2/1586940956634660_300_225.jpg,31,,118.0,i8,I8,Coupe,20.0,0.0,1.0,0.0,1.0,1.0,0.0,0.0,0.0,0.0,0.0,新北市,手自排,2016,False,False,,[],0.0,[],0.0,0.0,1.0,1.0,3.0,0.0,0.0
31,2794130,159782,Mercedes-Benz,27,2.0L,<b>2018</b>年,<b>5.7</b>萬km,168.0,<b>168</b>萬,3,BENZ C300 AMG 夜色 免鑰 大螢幕 弘達國際#87630,2021-06-18 14:31:49,<font>59分鐘內更新</font>,1.0,45,https://p2.8891.com.tw/2021/01/14/1610618488341828_220_165.jpg,https://p2.8891.com.tw/2021/01/14/1610618488341828_300_225.jpg,32,,45.0,C-Class Sedan,C-Class Sedan,C300,20.0,0.0,1.0,0.0,1.0,1.0,0.0,0.0,0.0,0.0,0.0,新北市,手自排,2019,False,False,,[],0.0,[],0.0,0.0,1.0,1.0,3.0,0.0,0.0
32,2794127,159782,Porsche,35,2.0L,<b>2017</b>年,<b>7.6</b>萬km,195.0,<b>195</b>萬,3,Porsche MACAN 14向電動椅 全景免鑰匙 17年弘達國際#82525,2021-06-18 14:31:14,<font>59分鐘內更新</font>,1.0,20,https://p1.8891.com.tw/2020/10/15/1602754564277907_220_165.jpg,https://p1.8891.com.tw/2020/10/15/1602754564277907_300_225.jpg,33,,20.0,Macan,Macan,,20.0,0.0,1.0,0.0,1.0,1.0,0.0,0.0,0.0,0.0,0.0,新北市,手自排,2017,False,False,,[],0.0,[],0.0,0.0,1.0,1.0,3.0,0.0,0.0
33,2793000,159782,BMW,6,3.0L,<b>2016</b>年,<b>6.1</b>萬km,248.0,<b>248</b>萬,3,BMW 740Msport 稀有高級四座沙發 16年 弘達國際 #547974,2021-06-17 14:42:54,<font>2小時內更新</font>,1.0,90,https://p1.8891.com.tw/2021/04/16/1618553251320811_220_165.jpg,https://p1.8891.com.tw/2021/04/16/1618553251320811_300_225.jpg,34,,90.0,7-Series,7-Series,740i M Sport,20.0,0.0,1.0,0.0,1.0,1.0,0.0,0.0,0.0,0.0,0.0,新北市,手自排,2016,False,False,,[],0.0,[],0.0,0.0,1.0,1.0,3.0,0.0,0.0
34,2773572,176120,Mercedes-Benz,27,1.8L,<b>2009</b>年,<b>12.0</b>萬km,59.8,<b>59.8</b>萬,3,"全原廠保養,無漏油無異音",2021-05-28 08:06:05,<font>2小時內更新</font>,,337,https://p2.8891.com.tw/2021/05/28/1622159902449672_220_165.jpg,https://p2.8891.com.tw/2021/05/28/1622159902449672_300_225.jpg,35,,337.0,C-Class Estate,C-Class Estate,C200,14.0,0.0,1.0,0.0,1.0,0.0,0.0,0.0,0.0,0.0,0.0,台北市,手自排,2010,False,False,,[],0.0,[],0.0,0.0,1.0,1.0,3.0,0.0,0.0
35,2793022,210370,Mercedes-Benz,27,2.3L,<b>1990</b>年前,<b>16.0</b>萬km,22.9,<b>22.9</b>萬,3,售1984年BENZ-230E值得收藏.漂亮老車,2021-06-17 14:57:39,<font>2小時內更新</font>,1.0,78,https://p1.8891.com.tw/2021/06/17/1623912741808989_220_165.jpg,https://p1.8891.com.tw/2021/06/17/1623912741808989_300_225.jpg,36,,78.0,E-Class Sedan,E-Class Sedan,E230,5.0,0.0,1.0,0.0,1.0,1.0,0.0,0.0,0.0,0.0,0.0,台中市,自排,1990年以前,False,False,,[],0.0,[],0.0,0.0,1.0,1.0,3.0,0.0,0.0
36,2790506,159782,BMW,6,2.0L,<b>2020</b>年,<b>100</b>km,268.0,<b>268</b>萬,3,BMW X4 Msport 5AU 全新車 21年 弘達國際 #16260,2021-06-15 10:21:27,<font>2小時內更新</font>,1.0,369,https://p2.8891.com.tw/2021/05/14/1620972729273236_220_165.jpg,https://p2.8891.com.tw/2021/05/14/1620972729273236_300_225.jpg,37,,369.0,X4,X4,XDrive30i M Sport,20.0,0.0,1.0,0.0,1.0,1.0,0.0,0.0,0.0,0.0,0.0,新北市,手自排,2021,False,False,,[],0.0,[],0.0,0.0,1.0,1.0,3.0,0.0,0.0
37,2785088,183590,Nissan,32,1.6L,<b>2016</b>年,<b>8.0</b>萬km,42.0,<b>42</b>萬,3,全車系全額貸款貸款利率優惠中/月付超低/信用小白/瑕疵強力過件,2021-06-09 11:42:14,<font>2小時內更新</font>,,272,https://p2.8891.com.tw/2021/06/07/1623047173635860_220_165.jpg,https://p2.8891.com.tw/2021/06/07/1623047173635860_300_225.jpg,38,,272.0,Juke,Juke,,12.0,0.0,1.0,0.0,1.0,0.0,0.0,0.0,0.0,0.0,1.0,桃園市,自排,2016,False,False,,[],0.0,[],0.0,0.0,1.0,1.0,3.0,0.0,0.0
38,2715411,283974,Suzuki,44,1.5L,<b>2009</b>年,<b>6.0</b>萬km,10.0,<b>10</b>萬,3,FB搜尋:【金美麗汽車廣場】『免頭款、全額貸』 我的用心 讓你放心,2021-03-31 16:07:17,<font>2小時內更新</font>,,"<span class=""Red"">10066</span>",https://p2.8891.com.tw/2021/03/31/1617157535970842_220_165.jpg,https://p2.8891.com.tw/2021/03/31/1617157535970842_300_225.jpg,39,,10066.0,Swift,Swift,,9.0,0.0,1.0,0.0,1.0,0.0,0.0,0.0,0.0,0.0,0.0,桃園市,自排,2009,False,False,,[],0.0,[],0.0,0.0,1.0,1.0,3.0,0.0,0.0
39,2772324,374794,Mercedes-Benz,27,2.0L,<b>2019</b>年,<b>3.7</b>萬km,188.0,<b>188</b>萬,3,Benz CLA250 AMG 夜色套件 全景天窗 真皮座椅  弘達桃園,2021-05-26 17:22:44,<font>2小時內更新</font>,,"<span class=""Red"">1577</span>",https://p1.8891.com.tw/2021/06/17/1623911276225725_220_165.jpg,https://p1.8891.com.tw/2021/06/17/1623911276225725_300_225.jpg,40,,1577.0,CLA,CLA,CLA250,16.0,0.0,1.0,1.0,1.0,0.0,1.0,0.0,0.0,0.0,0.0,桃園市,手自排,2020,False,False,,[],0.0,[],0.0,0.0,1.0,1.0,3.0,0.0,0.0
0,2789465,374794,Mercedes-Benz,27,2.0L,<b>2016</b>年,<b>8.2</b>萬km,143.0,<b>143</b>萬,3,Benz C300 AMG 23P 360環 自動停車 柏林知音 #5389,2021-06-13 15:47:30,<font>2小時內更新</font>,1.0,81,https://p2.8891.com.tw/2021/04/08/1617873972172006_220_165.jpg,https://p2.8891.com.tw/2021/04/08/1617873972172006_300_225.jpg,41,,81.0,C-Class Sedan,C-Class Sedan,C300,15.0,0.0,1.0,1.0,1.0,1.0,1.0,0.0,0.0,0.0,0.0,桃園市,手自排,2017,False,False,,[],0.0,[],0.0,0.0,1.0,1.0,3.0,0.0,0.0
1,2783326,374794,BMW,6,2.0L,<b>2019</b>年,<b>3.1</b>萬km,165.0,<b>165</b>萬,3,G20 330i 超低里程 5AS 天窗 三區恆溫 弘達桃園#26009,2021-06-07 16:23:31,<font>2小時內更新</font>,,616,https://p1.8891.com.tw/2020/11/02/1604311852492515_220_165.jpg,https://p1.8891.com.tw/2020/11/02/1604311852492515_300_225.jpg,42,,616.0,3-Series Sedan,3-Series Sedan,330i,18.0,0.0,1.0,0.0,1.0,0.0,0.0,0.0,0.0,0.0,0.0,桃園市,手自排,2019,False,False,,[],0.0,[],0.0,0.0,1.0,1.0,3.0,0.0,0.0
2,2777300,374794,Mercedes-Benz,27,2.0L,<b>2019</b>年,<b>5000</b>km,199.0,<b>199</b>萬,3,Benz GLC300 4 MATIC  AMG 低里程 柏林音響 桃園弘達,2021-06-01 14:56:41,<font>2小時內更新</font>,,625,https://p2.8891.com.tw/2021/06/18/1624001918047584_220_165.jpg,https://p2.8891.com.tw/2021/06/18/1624001918047584_300_225.jpg,43,,625.0,GLC,GLC,GLC300,17.0,0.0,1.0,1.0,1.0,0.0,0.0,0.0,0.0,0.0,0.0,桃園市,手自排,2019,False,False,,[],0.0,[],0.0,0.0,1.0,1.0,3.0,0.0,0.0
3,2783366,374794,Mercedes-Benz,27,3.0L,<b>2016</b>年,<b>7.2</b>萬km,195.0,<b>195</b>萬,3,Benz  C43 AMG 夜色套件  23P 360環景 自動停車 跑車排氣管,2021-06-07 16:55:10,<font>2小時內更新</font>,,782,https://p2.8891.com.tw/2021/05/08/1620462900304882_220_165.jpg,https://p2.8891.com.tw/2021/05/08/1620462900304882_300_225.jpg,44,,782.0,C-Class Sedan,C-Class Sedan,AMG C43,20.0,0.0,1.0,1.0,1.0,0.0,1.0,0.0,0.0,0.0,0.0,桃園市,手自排,2017,False,False,,[],0.0,[],0.0,0.0,1.0,1.0,3.0,0.0,0.0
4,2716516,133193,Mercedes-Benz,27,2.0L,<b>2017</b>年,<b>6.5</b>萬km,0.0,<b>電洽</b>,3,P20自動跟車系統，環景倒車影像，抬頭，LED智慧頭燈，動態座椅，香噴，P3套件,2021-04-01 11:22:54,<font>2小時內更新</font>,,"<span class=""Red"">1569</span>",https://p1.8891.com.tw/2021/03/10/3/1615338461752525_220_165.jpg,https://p1.8891.com.tw/2021/03/10/3/1615338461752525_300_225.jpg,45,,1569.0,E-Class Sedan,E-Class Sedan,E300,18.0,1.0,1.0,0.0,1.0,0.0,0.0,0.0,0.0,0.0,0.0,新北市,手自排,2017,False,False,,[],0.0,[],0.0,0.0,1.0,1.0,3.0,0.0,0.0
5,2793821,436065,Volkswagen,47,1.6L,<b>2012</b>年,<b>4.9</b>萬km,30.8,<b>30.8</b>萬,3,2013領牌 VW GOLF 1.6 汽油 保證里程 車況絕佳,2021-06-18 11:09:43,<font>3小時內更新</font>,1.0,19,https://p1.8891.com.tw/2021/06/18/1623985380926389_220_165.jpg,https://p1.8891.com.tw/2021/06/18/1623985380926389_300_225.jpg,46,,19.0,Golf,Golf,,10.0,0.0,1.0,0.0,1.0,1.0,0.0,0.0,0.0,0.0,0.0,彰化縣,自手排,2012,False,False,,[],0.0,[],0.0,0.0,1.0,1.0,3.0,0.0,0.0
6,2767942,688801,Mercedes-Benz,27,2.0L,<b>2018</b>年,<b>3.4</b>萬km,190.8,<b>190.8</b>萬,3,【滿吉國際】E300 AMG &amp; 優質加州車 &amp; 夜色套件 &amp; 全景天窗,2021-05-21 19:49:47,<font>3小時內更新</font>,,"<span class=""Red"">1979</span>",https://p2.8891.com.tw/2021/05/31/1/1622429268329846_220_165.jpg,https://p2.8891.com.tw/2021/05/31/1/1622429268329846_300_225.jpg,47,,1979.0,E-Class Sedan,E-Class Sedan,E300,10.0,1.0,1.0,1.0,1.0,0.0,0.0,0.0,0.0,0.0,0.0,新北市,手自排,2018,False,False,,[],0.0,[],0.0,0.0,1.0,1.0,3.0,0.0,0.0
7,2769387,312221,Volkswagen,47,2.0L,<b>2016</b>年,<b>2.2</b>萬km,128.8,<b>128.8</b>萬,3,限量款白色Clubsport 精品改裝 蠍子管 Eventuri進氣系統 里程低,2021-05-23 16:21:15,<font>3小時內更新</font>,,"<span class=""Red"">2018</span>",https://p2.8891.com.tw/2021/05/23/1621758052966980_220_165.jpg,https://p2.8891.com.tw/2021/05/23/1621758052966980_300_225.jpg,48,,2018.0,Golf GTI,Golf GTI,,20.0,0.0,1.0,0.0,1.0,0.0,0.0,0.0,0.0,0.0,0.0,台中市,手自排,2017,False,False,,[],0.0,[],0.0,0.0,1.0,1.0,3.0,0.0,0.0
8,2775002,312221,Volkswagen,47,2.0L,<b>2017</b>年,<b>5.3</b>萬km,95.8,<b>95.8</b>萬,3,GTI 7.5代 原廠保固中 全新VVS閥門排氣管 里程保證 可全額貸款,2021-05-29 17:10:29,<font>3小時內更新</font>,,"<span class=""Red"">1982</span>",https://p1.8891.com.tw/2021/05/29/1622279405385771_220_165.jpg,https://p1.8891.com.tw/2021/05/29/1622279405385771_300_225.jpg,49,,1982.0,Golf GTI,Golf GTI,,16.0,0.0,1.0,0.0,1.0,0.0,0.0,0.0,0.0,0.0,0.0,台中市,手自排,2018,False,False,,[],0.0,[],0.0,0.0,1.0,1.0,3.0,0.0,0.0
9,2785399,312221,Honda,16,1.8L,<b>2011</b>年,<b>11.3</b>萬km,26.5,<b>26.5</b>萬,3,RR空力套件 里程保證  0元頭期款 可全額貸款 超額貸款 信用空白瑕疵皆可,2021-06-09 14:43:24,<font>3小時內更新</font>,,384,https://p2.8891.com.tw/2021/06/09/1623220947776380_220_165.jpg,https://p2.8891.com.tw/2021/06/09/1623220947776380_300_225.jpg,50,,384.0,Civic,Civic,,18.0,0.0,1.0,0.0,1.0,0.0,0.0,0.0,0.0,0.0,0.0,台中市,手自排,2012,False,False,,[],0.0,[],0.0,0.0,1.0,1.0,3.0,0.0,0.0
10,2781612,312221,Hyundai,17,1.8L,<b>2012</b>年,<b>11.7</b>萬km,24.8,<b>24.8</b>萬,3,旗艦款 可0元頭期款 可全額貸款 信用空白瑕疵皆可辦理,2021-06-05 17:26:53,<font>3小時內更新</font>,,812,https://p2.8891.com.tw/2021/06/05/1622884920107436_220_165.jpg,https://p2.8891.com.tw/2021/06/05/1622884920107436_300_225.jpg,51,,812.0,Elantra,Elantra,,15.0,0.0,1.0,0.0,1.0,0.0,0.0,0.0,0.0,0.0,0.0,台中市,手自排,2013,False,False,,[],0.0,[],0.0,0.0,1.0,1.0,3.0,0.0,0.0
11,2781973,312221,Volkswagen,47,1.6L,<b>2011</b>年,<b>10.6</b>萬km,23.5,<b>23.5</b>萬,3,全新R前保桿&amp;GTI頭燈&amp;R20LED尾燈&amp;全新後流水方向燈 可0元頭期全額貸款,2021-06-06 12:02:56,<font>3小時內更新</font>,,"<span class=""Red"">1651</span>",https://p1.8891.com.tw/2021/06/06/1622951723317703_220_165.jpg,https://p1.8891.com.tw/2021/06/06/1622951723317703_300_225.jpg,52,,1651.0,Golf,Golf,,12.0,0.0,1.0,0.0,1.0,0.0,0.0,0.0,0.0,0.0,0.0,台中市,手自排,2012,False,False,,[],0.0,[],0.0,0.0,1.0,1.0,3.0,0.0,0.0
12,2790501,159782,BMW,6,3.0L,<b>2019</b>年,<b>7000</b>km,278.0,<b>278</b>萬,3,BMW M340i  5AU滿配 雷射頭燈 20年 弘達國際 #83376,2021-06-15 10:20:29,<font>4小時內更新</font>,1.0,329,https://p1.8891.com.tw/2021/05/14/1620975382815725_220_165.jpg,https://p1.8891.com.tw/2021/05/14/1620975382815725_300_225.jpg,53,,329.0,3-Series Sedan,3-Series Sedan,M340i XDrive,20.0,0.0,1.0,0.0,1.0,1.0,0.0,0.0,0.0,0.0,0.0,新北市,手自排,2020,False,False,,[],0.0,[],0.0,0.0,1.0,1.0,3.0,0.0,0.0
13,2780885,263886,Maserati,28,3.0L,<b>2016</b>年,<b>5.0</b>萬km,268.0,<b>268</b>萬,3,駿岳-小魏 總代理 一手車 快樂波特SQ4 選配H/K音響 方向盤 原木飾板,2021-06-04 17:44:42,<font>4小時內更新</font>,,"<span class=""Red"">1068</span>",https://p2.8891.com.tw/2021/06/04/6/1622799859223478_220_165.jpg,https://p2.8891.com.tw/2021/06/04/6/1622799859223478_300_225.jpg,54,,1068.0,Quattroporte,Quattroporte,,12.0,0.0,1.0,1.0,1.0,0.0,2.0,0.0,0.0,0.0,1.0,台北市,手自排,2017,False,False,,[],0.0,[],0.0,0.0,1.0,1.0,3.0,0.0,0.0
14,2778453,99889,Volkswagen,47,2.0L,<b>2014</b>年,<b>11.0</b>萬km,58.8,<b>58.8</b>萬,3,#誠意阿俊#SHARAN 2.0TDI實跑11萬全車選配皮椅.DVD*3實車實圖,2021-06-02 15:32:39,<font>5小時內更新</font>,,465,https://p1.8891.com.tw/2021/06/02/1622618828592299_220_165.jpg,https://p1.8891.com.tw/2021/06/02/1622618828592299_300_225.jpg,55,,465.0,Sharan,Sharan,,20.0,0.0,1.0,0.0,1.0,0.0,0.0,0.0,0.0,0.0,0.0,桃園市,自手排,2015,False,False,,[],0.0,[],0.0,0.0,1.0,1.0,3.0,0.0,0.0
15,2778570,99889,Audi,4,3.0L,<b>2010</b>年,<b>21.0</b>萬km,58.8,<b>58.8</b>萬,3,#誠意阿俊#A6 AVANT 3.0TQ鍛造引擎強化變速箱前車主花了60萬整理好,2021-06-02 16:15:46,<font>5小時內更新</font>,,570,https://p1.8891.com.tw/2021/06/02/1622621584977871_220_165.jpg,https://p1.8891.com.tw/2021/06/02/1622621584977871_300_225.jpg,56,,570.0,A6 Avant,A6 Avant,,20.0,0.0,1.0,0.0,1.0,0.0,0.0,0.0,0.0,0.0,0.0,桃園市,手自排,2011,False,False,,[],0.0,[],0.0,0.0,1.0,1.0,3.0,0.0,0.0
16,2741986,650249,Mercedes-Benz,27,3.5L,<b>2010</b>年,<b>6.0</b>萬km,68.0,<b>68</b>萬,3,極致尊榮S400 高穩定性舒適座駕 董事長一手車,2021-04-26 19:43:12,<font>5小時內更新</font>,,"<span class=""Red"">3317</span>",https://p1.8891.com.tw/2021/04/26/1619427735190801_220_165.jpg,https://p1.8891.com.tw/2021/04/26/1619427735190801_300_225.jpg,57,,3317.0,S-Class Sedan,S-Class Sedan,S400 Hybrid,7.0,0.0,1.0,1.0,1.0,0.0,0.0,0.0,0.0,0.0,0.0,新北市,自排,2011,False,False,,[],0.0,[],0.0,0.0,1.0,1.0,3.0,0.0,0.0
17,2775660,36503,Mitsubishi,31,2.4L,<b>2020</b>年,<b>2.6</b>萬km,83.8,<b>83.8</b>萬,3,自售一手車2020年2WD頂級款Outlander,2021-05-30 18:35:15,<font>6小時內更新</font>,,643,https://p1.8891.com.tw/2021/05/30/1622370736440399_220_165.jpg,https://p1.8891.com.tw/2021/05/30/1622370736440399_300_225.jpg,58,,643.0,Outlander,Outlander,,8.0,0.0,1.0,0.0,1.0,0.0,0.0,0.0,0.0,0.0,0.0,新北市,自排,2020,False,False,,[],0.0,[],0.0,0.0,1.0,1.0,3.0,0.0,0.0
18,2778513,229294,BMW,6,3.0L,<b>2020</b>年,<b>100</b>km,0.0,<b>電洽</b>,3,稀有猛獸/全新車/四輪傳動/新車保固/全能服務廠/全台保修據點,2021-06-02 15:54:19,<font>6小時內更新</font>,,272,https://p1.8891.com.tw/2021/02/02/1612252416343933_220_165.jpg,https://p1.8891.com.tw/2021/02/02/1612252416343933_300_225.jpg,59,,272.0,4-Series Coupe,4-Series Coupe,440i M Sport,15.0,0.0,1.0,0.0,1.0,0.0,0.0,0.0,0.0,0.0,0.0,南投縣,自手排,2021,False,False,,[],0.0,[],0.0,0.0,1.0,1.0,3.0,0.0,0.0
19,2767758,688801,BMW,6,3.0L,<b>2017</b>年,<b>3.2</b>萬km,286.8,<b>286.8</b>萬,3,【滿吉國際】Competition競技版 x 左3右6 x 陶瓷煞車 x H/K,2021-05-21 19:45:33,<font>6小時內更新</font>,,"<span class=""Red"">3462</span>",https://p2.8891.com.tw/2021/05/23/1621760545951284_220_165.jpg,https://p2.8891.com.tw/2021/05/23/1621760545951284_300_225.jpg,60,,3462.0,M3,M3,Sedan 手排版,12.0,1.0,1.0,1.0,1.0,0.0,0.0,1.0,256.0,0.0,0.0,新北市,手自排,2017,False,False,https://www.youtube.com/watch?v=cm5O-YdboSw,[],0.0,[],0.0,0.0,1.0,1.0,3.0,0.0,0.0
20,2787792,175472,Toyota,46,1.8L,<b>2020</b>年,<b>5000</b>km,58.8,<b>58.8</b>萬,3,【主打百分之百過件全額貸款】ＦＢ搜尋 ：宇安嚴選中古車,2021-06-11 16:02:10,<font>6小時內更新</font>,,906,https://p2.8891.com.tw/2020/07/05/1593950000385364_220_165.jpg,https://p2.8891.com.tw/2020/07/05/1593950000385364_300_225.jpg,61,,906.0,Corolla Altis,Corolla Altis,,19.0,0.0,1.0,0.0,1.0,0.0,0.0,0.0,0.0,0.0,0.0,新竹縣,自排,2020,False,False,,[],0.0,[],0.0,0.0,1.0,1.0,3.0,0.0,0.0
21,2734575,48001,Toyota,46,1.5L,<b>2017</b>年,<b>11.0</b>萬km,33.8,<b>33.8</b>萬,3,~實車實價【泰洋】聯盟五大保固 一手車 里程保證 安卓機 認證車 零頭款 可全貸,2021-04-19 13:34:46,<font>6小時內更新</font>,,447,https://p1.8891.com.tw/2021/04/19/1618810437470711_220_165.jpg,https://p1.8891.com.tw/2021/04/19/1618810437470711_300_225.jpg,62,,447.0,Vios,Vios,,20.0,1.0,1.0,0.0,1.0,0.0,0.0,1.0,256.0,0.0,0.0,台中市,手自排,2017,False,False,,[],0.0,[],0.0,0.0,1.0,1.0,3.0,0.0,0.0
22,2776824,48001,Toyota,46,2.0L,<b>2015</b>年,<b>6.4</b>萬km,37.8,<b>37.8</b>萬,3,~實車實價【泰洋】聯盟五大保固 一手車 里程保證 安卓機 認證車 零頭款 可全貸,2021-05-31 21:14:20,<font>6小時內更新</font>,,209,https://p1.8891.com.tw/2021/04/01/1617257631288567_220_165.jpg,https://p1.8891.com.tw/2021/04/01/1617257631288567_300_225.jpg,63,,209.0,Innova,Innova,,19.0,1.0,1.0,0.0,1.0,0.0,0.0,1.0,256.0,0.0,0.0,台中市,自排,2016,False,False,,[],0.0,[],0.0,0.0,1.0,1.0,3.0,0.0,0.0
23,2790582,159782,BMW,6,2.0L,<b>2019</b>年,<b>3.4</b>萬km,170.0,<b>170</b>萬,3,BMW 330i M3樣式 前後雷達 天窗 19年 弘達國際 #78984,2021-06-15 10:57:16,<font>6小時內更新</font>,1.0,722,https://p1.8891.com.tw/2021/04/12/1618214545176423_220_165.jpg,https://p1.8891.com.tw/2021/04/12/1618214545176423_300_225.jpg,64,,722.0,3-Series Sedan,3-Series Sedan,330i,16.0,0.0,1.0,0.0,1.0,1.0,0.0,0.0,0.0,0.0,0.0,新北市,手自排,2019,False,False,https://www.youtube.com/watch?v=wiQI8-wLu-Y&amp;t=1224s,[],0.0,[],0.0,0.0,1.0,1.0,3.0,0.0,0.0
24,2794115,159782,Mercedes-Benz,27,2.0L,<b>2016</b>年,<b>6.1</b>萬km,140.0,<b>140</b>萬,3,BENZ C300 AMG 夜色 魚眼 大螢幕 17年 弘達國際#82756,2021-06-18 14:27:13,<font>7小時內更新</font>,1.0,28,https://p1.8891.com.tw/2020/12/16/1608100484860445_220_165.jpg,https://p1.8891.com.tw/2020/12/16/1608100484860445_300_225.jpg,65,,28.0,C-Class Sedan,C-Class Sedan,C300,13.0,0.0,1.0,0.0,1.0,1.0,0.0,0.0,0.0,0.0,0.0,新北市,手自排,2017,False,False,,[],0.0,[],0.0,0.0,1.0,1.0,3.0,0.0,0.0
25,2794122,159782,Toyota,46,2.5L,<b>2020</b>年,<b>180</b>km,230.0,<b>230</b>萬,3,TOYOTA SIENNA XSE運動版 現車全新車21年 弘達國際#10882,2021-06-18 14:29:49,<font>7小時內更新</font>,1.0,61,https://p1.8891.com.tw/2021/03/18/1616045486214487_220_165.jpg,https://p1.8891.com.tw/2021/03/18/1616045486214487_300_225.jpg,66,,61.0,Sienna,Sienna,,20.0,0.0,1.0,0.0,1.0,1.0,0.0,0.0,0.0,0.0,0.0,新北市,手自排,2021,False,False,,[],0.0,[],0.0,0.0,1.0,1.0,3.0,0.0,0.0
26,2794123,159782,Toyota,46,2.5L,<b>2020</b>年,<b>100</b>km,230.0,<b>230</b>萬,3,TOYOTA SIENNA XSE運動版 現車全新車21年 弘達國際#12990,2021-06-18 14:30:24,<font>7小時內更新</font>,1.0,47,https://p1.8891.com.tw/2021/03/18/1616048340531727_220_165.jpg,https://p1.8891.com.tw/2021/03/18/1616048340531727_300_225.jpg,67,,47.0,Sienna,Sienna,,20.0,0.0,1.0,0.0,1.0,1.0,0.0,0.0,0.0,0.0,0.0,新北市,手自排,2021,False,False,,[],0.0,[],0.0,0.0,1.0,1.0,3.0,0.0,0.0
27,2790584,159782,BMW,6,3.0L,<b>2017</b>年,<b>4.7</b>萬km,198.0,<b>198</b>萬,3,BMW 540i Msport 5AT 菱格紋 17年 弘達國際 #478542,2021-06-15 10:58:49,<font>7小時內更新</font>,1.0,357,https://p2.8891.com.tw/2021/04/12/1618215318140196_220_165.jpg,https://p2.8891.com.tw/2021/04/12/1618215318140196_300_225.jpg,68,,357.0,5-Series Sedan,5-Series Sedan,540i M Sport,20.0,0.0,1.0,0.0,1.0,1.0,0.0,0.0,0.0,0.0,0.0,新北市,手自排,2017,False,False,,[],0.0,[],0.0,0.0,1.0,1.0,3.0,0.0,0.0
28,2794121,159782,Mercedes-Benz,27,3.0L,<b>2018</b>年,<b>2.5</b>萬km,208.0,<b>208</b>萬,3,BENZ AMG C43 環景 電子懸吊 柏林 18年 弘達國際#66493,2021-06-18 14:28:43,<font>7小時內更新</font>,1.0,30,https://p1.8891.com.tw/2021/01/08/1610072855551439_220_165.jpg,https://p1.8891.com.tw/2021/01/08/1610072855551439_300_225.jpg,69,,30.0,C-Class Sedan,C-Class Sedan,AMG C43,20.0,0.0,1.0,0.0,1.0,1.0,0.0,0.0,0.0,0.0,0.0,新北市,手自排,2018,False,False,,[],0.0,[],0.0,0.0,1.0,1.0,3.0,0.0,0.0
29,2778526,229294,Porsche,35,2.0L,<b>2018</b>年,<b>4.0</b>萬km,0.0,<b>電洽</b>,3,未領牌/全景/真皮內裝/通風記憶座椅/BOSE音響/新車保固/全省售服據點,2021-06-02 16:01:12,<font>7小時內更新</font>,,192,https://p2.8891.com.tw/2021/04/27/1619512867102244_220_165.jpg,https://p2.8891.com.tw/2021/04/27/1619512867102244_300_225.jpg,70,,192.0,Macan,Macan,,15.0,0.0,1.0,0.0,1.0,0.0,0.0,0.0,0.0,0.0,0.0,台中市,手自排,2018,False,False,,[],0.0,[],0.0,0.0,1.0,1.0,3.0,0.0,0.0
30,2774822,130865,Mazda,29,2.0L,<b>2019</b>年,<b>1.6</b>萬km,72.8,<b>72.8</b>萬,3,【興融汽車嚴選】旗艦進化｜BOSE環繞音響｜試乘車｜躍雪白｜新車保固中,2021-05-29 14:46:14,<font>7小時內更新</font>,,465,https://p2.8891.com.tw/2021/06/12/1623490534668852_220_165.jpg,https://p2.8891.com.tw/2021/06/12/1623490534668852_300_225.jpg,71,,465.0,CX-3,CX-3,,20.0,1.0,1.0,0.0,1.0,0.0,0.0,0.0,0.0,1.0,0.0,高雄市,手自排,2020,False,False,,[],0.0,[],0.0,0.0,1.0,1.0,3.0,0.0,0.0
31,2767963,688801,Mercedes-Benz,27,3.0L,<b>2018</b>年,<b>4.9</b>萬km,278.8,<b>278.8</b>萬,3,【滿吉國際】AMG E43 &amp; P20 &amp; P3套件 &amp; 多光束 &amp; 柏林之音,2021-05-21 19:49:14,<font>7小時內更新</font>,,"<span class=""Red"">2913</span>",https://p1.8891.com.tw/2021/05/26/1622021477659545_220_165.jpg,https://p1.8891.com.tw/2021/05/26/1622021477659545_300_225.jpg,72,,2913.0,E-Class Sedan,E-Class Sedan,AMG E43,15.0,1.0,1.0,1.0,1.0,0.0,0.0,0.0,0.0,0.0,0.0,新北市,手自排,2018,False,False,,[],0.0,[],0.0,0.0,1.0,1.0,3.0,0.0,0.0
32,2786554,702837,Mercedes-Benz,27,2.0L,<b>2016</b>年,<b>5.1</b>萬km,0.0,<b>電洽</b>,3,Sam國際車庫 柏林之音 夜色套件 冷熱通風 全景 designo內裝,2021-06-10 15:49:02,<font>7小時內更新</font>,,334,https://p2.8891.com.tw/2021/06/10/1623311134903104_220_165.jpg,https://p2.8891.com.tw/2021/06/10/1623311134903104_300_225.jpg,73,,334.0,C-Class Sedan,C-Class Sedan,AMG C300,20.0,1.0,1.0,0.0,1.0,0.0,0.0,0.0,0.0,0.0,0.0,新竹縣,手自排,2016,False,False,,[],0.0,[],0.0,0.0,1.0,1.0,3.0,0.0,0.0
33,2792508,157546,Subaru,43,2.5L,<b>2013</b>年,<b>9.8</b>萬km,62.8,<b>62.8</b>萬,3,自售車！車況極佳，保證無撞無泡，一手車，停車庫，定期保養做美容,2021-06-16 23:01:45,<font>7小時內更新</font>,1.0,134,https://p1.8891.com.tw/2021/06/16/1623853220661353_220_165.jpg,https://p1.8891.com.tw/2021/06/16/1623853220661353_300_225.jpg,74,,134.0,Legacy Wagon,Legacy Wagon,,20.0,0.0,1.0,0.0,1.0,1.0,0.0,0.0,0.0,0.0,0.0,新北市,手自排,2013,False,False,,[],0.0,[],0.0,0.0,1.0,1.0,3.0,0.0,0.0
34,2794248,159782,Porsche,35,2.0L,<b>2017</b>年,<b>4.0</b>萬km,258.0,<b>258</b>萬,3,Porsche 718 CAYMAN 倒車顯影 17年弘達國際 #260559,2021-06-18 15:50:18,<font>7小時內更新</font>,1.0,46,https://p2.8891.com.tw/2021/06/16/1623811540769192_220_165.jpg,https://p2.8891.com.tw/2021/06/16/1623811540769192_300_225.jpg,75,,46.0,718 Cayman,718 Cayman,,19.0,0.0,1.0,0.0,1.0,1.0,0.0,0.0,0.0,0.0,0.0,新北市,手自排,2018,False,False,,[],0.0,[],0.0,0.0,1.0,1.0,3.0,0.0,0.0
35,2794163,159782,BMW,6,3.0L,<b>2018</b>年,<b>3.6</b>萬km,228.0,<b>228</b>萬,3,BMW 640GT Msport LED頭燈 18年 弘達國際 #J99766,2021-06-18 14:48:20,<font>7小時內更新</font>,1.0,50,https://p1.8891.com.tw/2021/06/18/1623998822998593_220_165.jpg,https://p1.8891.com.tw/2021/06/18/1623998822998593_300_225.jpg,76,,50.0,6-Series GT,6-Series GT,640i M Sport,20.0,0.0,1.0,0.0,1.0,1.0,0.0,0.0,0.0,0.0,0.0,新北市,手自排,2018,False,False,,[],0.0,[],0.0,0.0,1.0,1.0,3.0,0.0,0.0
36,2774508,134664,Toyota,46,1.8L,<b>2009</b>年,<b>6.0</b>萬km,25.5,<b>25.5</b>萬,3,跑6萬而已!省油好開0故障冠軍房車~豐田ALTIS1800cc~ 高雄麻吉課長,2021-05-29 01:21:53,<font>8小時內更新</font>,,582,https://p2.8891.com.tw/2021/05/29/1622222269976796_220_165.jpg,https://p2.8891.com.tw/2021/05/29/1622222269976796_300_225.jpg,77,,582.0,Corolla Altis,Corolla Altis,,20.0,0.0,1.0,0.0,1.0,0.0,0.0,0.0,0.0,1.0,0.0,高雄市,手自排,2010,False,False,,[],0.0,[],0.0,0.0,1.0,1.0,3.0,0.0,0.0
37,2786088,161091,Mercedes-Benz,27,2.0L,<b>2018</b>年,<b>3.2</b>萬km,192.8,<b>192.8</b>萬,3,自售 頂級 E250 Exclusive 一手 原漆 保固中,2021-06-10 10:05:03,<font>8小時內更新</font>,,406,https://p2.8891.com.tw/2021/06/10/1623289990549818_220_165.png,https://p2.8891.com.tw/2021/06/10/1623289990549818_300_225.png,78,,406.0,E-Class Sedan,E-Class Sedan,E250,8.0,0.0,1.0,1.0,1.0,0.0,0.0,0.0,0.0,0.0,0.0,台北市,手自排,2019,False,False,,[],0.0,[],0.0,0.0,1.0,1.0,3.0,0.0,0.0
38,2767712,101934,Mercedes-Benz,27,2.0L,<b>2018</b>年,<b>2.0</b>萬km,158.0,<b>158</b>萬,3,賓士 A250 可全額貸款  　,2021-05-21 16:36:07,<font>8小時內更新</font>,,416,https://p2.8891.com.tw/2021/05/21/1621586042766468_220_165.jpg,https://p2.8891.com.tw/2021/05/21/1621586042766468_300_225.jpg,79,,416.0,A-Class,A-Class,A250,13.0,0.0,1.0,0.0,1.0,0.0,0.0,0.0,0.0,0.0,0.0,桃園市,手自排,2019,False,False,,[],0.0,[],0.0,0.0,1.0,1.0,3.0,0.0,0.0
39,2737314,650249,Mercedes-Benz,27,2.0L,<b>2020</b>年,<b>190</b>km,189.9,<b>189.9</b>萬,3,全新到港A250四輪傳動版，極致熱血小鋼炮，都會區輕便神車,2021-04-21 18:59:37,<font>8小時內更新</font>,,"<span class=""Red"">6372</span>",https://p1.8891.com.tw/2021/04/21/1619001712802851_220_165.jpg,https://p1.8891.com.tw/2021/04/21/1619001712802851_300_225.jpg,80,,6372.0,A-Class,A-Class,A250,12.0,1.0,1.0,1.0,1.0,0.0,0.0,0.0,0.0,0.0,0.0,新北市,自排,2020,False,False,,[],0.0,[],0.0,0.0,1.0,1.0,3.0,0.0,0.0
